StationId,Datetime,PM2.5,PM10,NO,NO2,NOx,NH3,CO,SO2,O3,Benzene,Toluene,Xylene,AQI,AQI_Bucket,hour,day,month,dayofweek,is_weekend,AQI_lag1,AQI_lag3,AQI_lag6,AQI_lag24,AQI_roll6,AQI_roll24
DL038,2020-06-09 06:00:00,75.5,124.5,10.45,32.73,25.92,34.67,1.68,17.48,12.03,3.08,12.57,,110.0,Moderate,6,9,6,1,0,110.0,108.0,105.0,88.0,108.5,101.08333333333333
DL038,2020-06-09 07:00:00,81.5,132.5,10.62,31.32,25.3,47.58,1.58,19.2,12.03,4.22,14.38,,111.0,Moderate,7,9,6,1,0,110.0,110.0,106.0,88.0,109.33333333333333,102.04166666666667
DL038,2020-06-09 08:00:00,78.0,133.5,10.0,33.83,26.17,49.67,2.15,22.65,12.03,3.67,11.22,,112.0,Moderate,8,9,6,1,0,111.0,110.0,107.0,88.0,110.16666666666667,103.04166666666667
DL038,2020-06-09 09:00:00,68.0,133.0,8.47,37.53,26.88,49.45,1.83,24.98,5.4,3.33,9.07,,112.0,Moderate,9,9,6,1,0,112.0,110.0,108.0,100.0,110.83333333333333,103.54166666666667
DL038,2020-06-09 10:00:00,61.0,123.5,4.3,33.3,21.18,39.75,1.43,23.28,28.98,2.5,10.58,,112.0,Moderate,10,9,6,1,0,112.0,111.0,110.0,100.0,111.16666666666667,104.04166666666667
DL038,2020-06-09 11:00:00,51.5,115.5,2.95,31.38,19.08,33.75,1.18,29.5,46.98,2.1,46.77,,112.0,Moderate,11,9,6,1,0,112.0,112.0,110.0,100.0,111.5,104.54166666666667
DL038,2020-06-09 12:00:00,49.0,127.5,2.12,27.65,16.45,29.6,1.85,29.15,46.02,2.15,70.52,,112.0,Moderate,12,9,6,1,0,112.0,112.0,110.0,100.0,111.83333333333333,105.04166666666667
DL038,2020-06-09 13:00:00,48.0,144.5,2.0,26.0,15.45,28.4,1.73,26.33,38.12,1.62,42.38,,113.0,Moderate,13,9,6,1,0,112.0,112.0,111.0,100.0,112.16666666666667,105.58333333333333
DL038,2020-06-09 14:00:00,37.5,143.5,2.38,27.15,16.4,46.23,1.12,22.32,29.68,1.85,35.25,,114.0,Moderate,14,9,6,1,0,113.0,112.0,112.0,100.0,112.5,106.16666666666667
DL038,2020-06-09 15:00:00,29.0,138.5,3.7,26.38,16.98,53.45,1.65,22.25,41.5,2.35,26.68,,115.0,Moderate,15,9,6,1,0,114.0,112.0,112.0,100.0,113.0,106.79166666666667
DL038,2020-06-09 16:00:00,31.5,132.0,1.35,32.25,18.23,56.05,1.23,19.68,51.85,1.9,14.43,,116.0,Moderate,16,9,6,1,0,115.0,113.0,112.0,100.0,113.66666666666667,107.45833333333333
DL038,2020-06-09 17:00:00,38.0,124.5,1.83,32.83,18.98,62.85,1.57,16.25,68.67,7.05,55.47,,117.0,Moderate,17,9,6,1,0,116.0,114.0,112.0,94.0,114.5,108.41666666666667
DL038,2020-06-09 18:00:00,43.0,124.5,2.62,34.05,20.27,51.3,1.8,19.52,85.08,1.52,10.82,,118.0,Moderate,18,9,6,1,0,117.0,115.0,112.0,96.0,115.5,109.33333333333333
DL038,2020-06-09 19:00:00,56.0,132.0,2.75,36.98,21.9,42.8,1.85,27.77,67.78,1.7,6.33,,118.0,Moderate,19,9,6,1,0,118.0,116.0,113.0,98.0,116.33333333333333,110.16666666666667
DL038,2020-06-09 20:00:00,61.5,140.5,2.75,40.6,23.8,31.67,1.83,29.0,35.9,1.82,6.03,,119.0,Moderate,20,9,6,1,0,118.0,117.0,114.0,99.0,117.16666666666667,111.0
DL038,2020-06-09 21:00:00,52.0,138.5,3.15,43.55,25.75,28.23,1.6,24.2,21.68,2.07,6.17,,119.0,Moderate,21,9,6,1,0,119.0,118.0,115.0,101.0,117.83333333333333,111.75
DL038,2020-06-09 22:00:00,51.5,139.5,4.75,36.33,23.2,29.05,2.33,30.73,19.75,2.62,9.95,,119.0,Moderate,22,9,6,1,0,119.0,118.0,116.0,102.0,118.33333333333333,112.45833333333333
DL038,2020-06-09 23:00:00,57.0,133.0,6.35,44.45,28.85,25.88,1.67,36.08,11.18,3.07,56.78,,120.0,Moderate,23,9,6,1,0,119.0,119.0,117.0,104.0,118.83333333333333,113.125
DL038,2020-06-10 00:00:00,65.5,135.5,59.5,82.9,93.0,26.28,1.82,24.77,2.05,3.12,24.67,,121.0,Moderate,0,10,6,2,0,120.0,119.0,118.0,105.0,119.33333333333333,113.79166666666667
DL038,2020-06-10 01:00:00,72.5,146.0,64.92,74.83,92.3,25.23,1.93,18.5,2.0,3.35,19.38,,122.0,Moderate,1,10,6,2,0,121.0,119.0,118.0,106.0,120.0,114.45833333333333
DL038,2020-06-10 02:00:00,81.5,154.5,84.08,67.85,104.62,28.92,1.8,34.0,9.3,3.0,20.68,,122.0,Moderate,2,10,6,2,0,122.0,120.0,119.0,107.0,120.5,115.08333333333333
DL038,2020-06-10 03:00:00,80.0,147.0,71.3,58.45,89.35,28.15,1.8,11.35,3.35,1.5,19.4,,122.0,Moderate,3,10,6,2,0,122.0,121.0,119.0,108.0,121.0,115.66666666666667
DL038,2020-06-10 04:00:00,68.0,121.5,147.6,98.72,173.2,22.45,2.02,12.2,1.7,0.97,12.35,,122.0,Moderate,4,10,6,2,0,122.0,122.0,119.0,110.0,121.5,116.16666666666667
DL038,2020-06-10 05:00:00,74.5,139.0,166.32,97.2,186.85,27.42,2.2,9.1,8.65,1.05,12.15,,123.0,Moderate,5,10,6,2,0,122.0,122.0,120.0,110.0,122.0,116.70833333333333
DL038,2020-06-10 06:00:00,82.0,174.5,166.08,88.92,182.4,31.6,1.62,1.7,2.47,2.7,14.47,,124.0,Moderate,6,10,6,2,0,123.0,122.0,121.0,110.0,122.5,117.29166666666667
DL038,2020-06-10 07:00:00,71.5,159.0,97.85,47.6,105.1,26.33,1.83,3.8,1.35,3.45,21.8,,125.0,Moderate,7,10,6,2,0,124.0,122.0,122.0,111.0,123.0,117.875
DL038,2020-06-10 08:00:00,59.0,133.5,70.28,48.97,83.3,29.32,1.88,15.93,12.03,3.4,15.47,,125.0,Moderate,8,10,6,2,0,125.0,123.0,122.0,112.0,123.5,118.41666666666667
DL038,2020-06-10 09:00:00,52.0,147.0,44.0,42.58,58.48,25.98,1.62,32.12,0.5,2.83,22.2,,125.0,Moderate,9,10,6,2,0,125.0,124.0,122.0,112.0,124.0,118.95833333333333
DL038,2020-06-10 10:00:00,50.0,140.0,20.35,39.92,37.83,24.68,1.85,31.2,11.48,2.05,8.22,,126.0,Moderate,10,10,6,2,0,125.0,125.0,122.0,112.0,124.66666666666667,119.54166666666667
DL038,2020-06-10 11:00:00,52.5,135.0,3.88,39.25,24.07,28.57,1.55,29.8,20.95,1.4,41.78,,126.0,Moderate,11,10,6,2,0,126.0,125.0,123.0,112.0,125.16666666666667,120.125
DL038,2020-06-10 12:00:00,49.0,145.0,4.1,29.9,19.25,31.45,1.35,30.83,26.62,1.3,38.15,,127.0,Moderate,12,10,6,2,0,126.0,125.0,124.0,112.0,125.66666666666667,120.75
DL038,2020-06-10 13:00:00,41.5,139.0,3.78,24.88,16.33,35.62,1.48,27.15,31.02,1.25,31.6,,127.0,Moderate,13,10,6,2,0,127.0,126.0,125.0,113.0,126.0,121.33333333333333
DL038,2020-06-10 14:00:00,35.5,127.5,3.33,24.73,14.03,42.9,1.55,22.02,25.45,1.43,33.23,,126.0,Moderate,14,10,6,2,0,127.0,126.0,125.0,114.0,126.16666666666667,121.83333333333333
DL038,2020-06-10 15:00:00,31.5,121.0,4.8,26.0,15.88,41.4,1.45,28.02,47.17,1.15,19.47,,126.0,Moderate,15,10,6,2,0,126.0,127.0,125.0,115.0,126.33333333333333,122.29166666666667
DL038,2020-06-10 16:00:00,34.0,131.0,7.15,28.15,16.5,37.5,1.55,28.15,57.65,1.43,25.4,,126.0,Moderate,16,10,6,2,0,126.0,127.0,126.0,116.0,126.33333333333333,122.70833333333333
DL038,2020-06-10 17:00:00,39.5,135.0,1.72,28.88,16.25,35.25,2.03,27.95,59.02,1.62,10.18,,126.0,Moderate,17,10,6,2,0,126.0,126.0,126.0,117.0,126.33333333333333,123.08333333333333
DL038,2020-06-10 18:00:00,51.5,442.0,3.4,24.93,16.05,34.95,1.55,23.77,48.33,1.15,7.97,,135.0,Moderate,18,10,6,2,0,126.0,126.0,127.0,118.0,127.66666666666667,123.79166666666667
DL038,2020-06-10 19:00:00,52.0,455.0,2.88,26.2,16.27,32.82,1.53,31.42,24.82,0.92,82.08,,144.0,Moderate,19,10,6,2,0,135.0,126.0,127.0,118.0,130.5,124.875
DL038,2020-06-10 20:00:00,38.0,125.0,2.4,35.52,20.85,31.48,1.65,28.83,16.07,0.4,71.6,,143.0,Moderate,20,10,6,2,0,144.0,126.0,126.0,119.0,133.33333333333334,125.875
DL038,2020-06-10 21:00:00,36.5,89.5,2.93,45.38,26.5,32.5,1.95,18.18,12.4,0.55,34.62,,142.0,Moderate,21,10,6,2,0,143.0,135.0,126.0,119.0,136.0,126.83333333333333
DL038,2020-06-10 22:00:00,42.0,97.0,4.6,47.95,29.3,35.08,2.25,14.2,4.5,2.38,39.27,,141.0,Moderate,22,10,6,2,0,142.0,144.0,126.0,119.0,138.5,127.75
DL038,2020-06-10 23:00:00,48.5,105.0,7.33,40.73,27.68,31.25,2.08,9.7,2.35,3.1,65.25,,140.0,Moderate,23,10,6,2,0,141.0,143.0,126.0,120.0,140.83333333333334,128.58333333333334
DL038,2020-06-11 00:00:00,45.0,89.5,6.62,29.88,21.3,27.53,1.38,17.4,2.67,1.82,81.88,,139.0,Moderate,0,11,6,3,0,140.0,142.0,135.0,121.0,141.5,129.33333333333334
DL038,2020-06-11 01:00:00,40.0,73.5,6.65,33.4,23.25,23.45,1.27,18.15,12.03,1.95,101.92,,137.0,Moderate,1,11,6,3,0,139.0,141.0,144.0,122.0,140.33333333333334,129.95833333333334
DL038,2020-06-11 02:00:00,41.0,74.5,8.88,35.67,26.15,41.95,1.42,21.35,10.4,0.82,44.45,,135.0,Moderate,2,11,6,3,0,137.0,140.0,143.0,122.0,139.0,130.5
DL038,2020-06-11 03:00:00,37.0,74.0,14.0,37.95,31.55,35.7,1.5,19.6,2.88,0.43,23.25,,133.0,Moderate,3,11,6,3,0,135.0,139.0,142.0,122.0,137.5,130.95833333333334
DL038,2020-06-11 04:00:00,43.0,78.5,15.65,33.95,30.8,30.03,1.7,26.0,5.03,0.47,24.48,,131.0,Moderate,4,11,6,3,0,133.0,137.0,141.0,122.0,135.83333333333334,131.33333333333334
DL038,2020-06-11 05:00:00,60.0,97.5,15.73,28.88,28.18,35.6,1.5,16.45,7.15,0.62,15.78,,130.0,Moderate,5,11,6,3,0,131.0,135.0,140.0,123.0,134.16666666666666,131.625
DL038,2020-06-11 06:00:00,59.0,97.0,15.8,29.73,28.65,37.02,1.88,9.95,3.75,0.82,15.88,,128.0,Moderate,6,11,6,3,0,130.0,133.0,139.0,124.0,132.33333333333334,131.79166666666666
DL038,2020-06-11 07:00:00,58.0,103.0,15.43,34.1,30.73,35.15,1.75,11.82,0.7,2.17,23.9,,127.0,Moderate,7,11,6,3,0,128.0,131.0,137.0,125.0,130.66666666666666,131.875
DL038,2020-06-11 08:00:00,73.5,130.5,14.95,33.82,30.2,30.45,1.45,16.85,0.3,2.53,20.52,,126.0,Moderate,8,11,6,3,0,127.0,130.0,135.0,125.0,129.16666666666666,131.91666666666666
DL038,2020-06-11 09:00:00,71.5,139.5,11.57,29.75,25.27,19.45,1.35,25.27,1.35,2.4,13.9,,126.0,Moderate,9,11,6,3,0,126.0,128.0,133.0,125.0,128.0,131.95833333333334
DL038,2020-06-11 10:00:00,56.5,120.0,5.5,27.9,19.3,10.25,1.4,18.12,9.2,0.57,11.4,,126.0,Moderate,10,11,6,3,0,126.0,127.0,131.0,126.0,127.16666666666667,131.95833333333334
DL038,2020-06-11 11:00:00,50.5,115.0,2.83,28.25,17.32,56.2,1.3,19.95,11.15,0.62,25.75,,125.0,Moderate,11,11,6,3,0,126.0,126.0,130.0,126.0,126.33333333333333,131.91666666666666
DL038,2020-06-11 12:00:00,47.0,119.5,2.35,25.43,15.43,22.85,1.45,5.67,18.12,0.53,53.45,,124.0,Moderate,12,11,6,3,0,125.0,126.0,128.0,127.0,125.66666666666667,131.79166666666666
DL038,2020-06-11 13:00:00,44.5,116.0,1.73,27.98,16.27,25.7,1.55,20.5,30.7,0.45,41.67,,124.0,Moderate,13,11,6,3,0,124.0,126.0,127.0,127.0,125.16666666666667,131.66666666666666
DL038,2020-06-11 14:00:00,39.5,111.5,2.2,24.4,14.77,79.02,1.18,28.1,17.45,1.35,33.47,,123.0,Moderate,14,11,6,3,0,124.0,125.0,126.0,126.0,124.66666666666667,131.54166666666666
DL038,2020-06-11 15:00:00,40.0,109.5,1.85,24.93,14.72,64.58,1.32,26.7,30.02,1.15,16.02,,123.0,Moderate,15,11,6,3,0,123.0,124.0,126.0,126.0,124.16666666666667,131.41666666666666
DL038,2020-06-11 16:00:00,44.0,111.0,1.65,24.8,14.53,48.77,2.1,26.23,33.0,1.2,11.8,,122.0,Moderate,16,11,6,3,0,123.0,124.0,126.0,126.0,123.5,131.25
DL038,2020-06-11 17:00:00,41.5,116.0,2.35,26.18,15.88,43.42,1.3,24.7,34.95,1.57,15.95,,122.0,Moderate,17,11,6,3,0,122.0,123.0,125.0,126.0,123.0,131.08333333333334
DL038,2020-06-11 18:00:00,47.0,122.5,1.85,28.53,16.73,44.6,1.3,19.75,37.65,1.27,11.28,,113.0,Moderate,18,11,6,3,0,122.0,123.0,124.0,135.0,121.16666666666667,130.16666666666666
DL038,2020-06-11 19:00:00,54.0,128.0,2.35,35.0,20.52,53.98,1.48,21.1,35.35,0.43,6.4,,104.0,Moderate,19,11,6,3,0,113.0,122.0,124.0,144.0,117.83333333333333,128.5
DL038,2020-06-11 20:00:00,59.0,147.5,2.38,35.2,20.65,58.42,1.5,15.32,24.35,0.62,9.12,,105.0,Moderate,20,11,6,3,0,104.0,122.0,123.0,143.0,114.83333333333333,126.91666666666667
DL038,2020-06-11 21:00:00,70.0,165.5,3.05,31.93,19.5,61.48,1.85,20.48,21.95,0.72,6.42,,107.0,Moderate,21,11,6,3,0,105.0,113.0,123.0,142.0,112.16666666666667,125.45833333333333
DL038,2020-06-11 22:00:00,75.0,179.5,7.65,40.4,27.72,51.8,1.98,26.55,4.9,2.2,9.55,,109.0,Moderate,22,11,6,3,0,107.0,104.0,122.0,141.0,110.0,124.125
DL038,2020-06-11 23:00:00,86.5,189.5,17.05,54.77,42.92,35.15,1.98,30.57,14.2,4.07,11.62,,111.0,Moderate,23,11,6,3,0,109.0,105.0,122.0,140.0,108.16666666666667,122.91666666666667
DL038,2020-06-12 00:00:00,91.5,184.0,8.9,36.85,26.9,47.38,1.47,32.73,16.2,3.7,13.22,,114.0,Moderate,0,12,6,4,0,111.0,107.0,113.0,139.0,108.33333333333333,121.875
DL038,2020-06-12 01:00:00,77.5,158.0,5.53,29.73,20.35,38.1,1.52,29.52,3.4,2.48,7.72,,116.0,Moderate,1,12,6,4,0,114.0,109.0,104.0,137.0,110.33333333333333,121.0
DL038,2020-06-12 02:00:00,74.5,145.0,4.25,25.75,17.15,32.33,1.67,26.8,17.7,0.95,4.77,,118.0,Moderate,2,12,6,4,0,116.0,111.0,105.0,135.0,112.5,120.29166666666667
DL038,2020-06-12 03:00:00,67.0,127.0,3.15,18.75,12.5,37.7,1.45,16.1,16.93,0.4,3.52,,120.0,Moderate,3,12,6,4,0,118.0,114.0,107.0,133.0,114.66666666666667,119.75
DL038,2020-06-12 04:00:00,59.0,105.5,3.38,21.15,14.0,35.42,1.48,6.92,11.28,0.35,2.5,,120.0,Moderate,4,12,6,4,0,120.0,116.0,109.0,131.0,116.5,119.29166666666667
DL038,2020-06-12 05:00:00,64.5,103.5,3.47,22.33,14.72,43.53,1.4,9.88,6.78,0.53,2.58,,121.0,Moderate,5,12,6,4,0,120.0,118.0,111.0,130.0,118.16666666666667,118.91666666666667
DL038,2020-06-12 06:00:00,65.0,101.0,3.67,21.38,14.38,44.92,1.65,13.4,3.4,1.02,3.27,,121.0,Moderate,6,12,6,4,0,121.0,120.0,114.0,128.0,119.33333333333333,118.625
DL038,2020-06-12 07:00:00,72.5,112.5,5.22,23.9,17.0,42.65,1.6,15.07,1.38,2.78,3.88,,121.0,Moderate,7,12,6,4,0,121.0,120.0,116.0,127.0,120.16666666666667,118.375
DL038,2020-06-12 08:00:00,75.5,122.0,4.52,24.5,16.73,38.53,1.43,16.25,12.03,2.92,2.9,,121.0,Moderate,8,12,6,4,0,121.0,121.0,118.0,126.0,120.66666666666667,118.16666666666667
DL038,2020-06-12 09:00:00,62.5,125.0,4.28,26.38,17.52,33.33,1.68,20.02,12.03,2.83,2.55,,120.0,Moderate,9,12,6,4,0,121.0,121.0,120.0,126.0,120.66666666666667,117.91666666666667
DL038,2020-06-12 10:00:00,62.0,128.5,3.32,26.9,17.02,32.0,1.73,16.27,12.03,1.0,2.43,,121.0,Moderate,10,12,6,4,0,120.0,121.0,120.0,126.0,120.83333333333333,117.70833333333333
DL038,2020-06-12 11:00:00,76.5,136.0,3.83,29.3,18.67,29.62,1.95,18.33,12.03,0.82,4.28,,121.0,Moderate,11,12,6,4,0,121.0,121.0,121.0,125.0,120.83333333333333,117.54166666666667
DL038,2020-06-12 12:00:00,76.0,135.0,1.98,32.17,18.75,26.6,1.77,19.2,12.03,0.57,3.88,,122.0,Moderate,12,12,6,4,0,121.0,120.0,121.0,124.0,121.0,117.45833333333333
DL038,2020-06-12 13:00:00,65.0,131.5,2.97,35.53,21.3,25.1,1.55,21.15,12.03,0.48,3.58,,122.0,Moderate,13,12,6,4,0,122.0,121.0,121.0,124.0,121.16666666666667,117.375
DL038,2020-06-12 14:00:00,46.0,141.0,2.58,34.55,20.5,16.35,1.73,25.05,12.03,0.9,9.1,,123.0,Moderate,14,12,6,4,0,122.0,121.0,121.0,123.0,121.5,117.375
DL038,2020-06-12 15:00:00,31.0,130.0,1.87,30.78,17.95,19.98,1.3,25.5,12.03,1.43,35.83,,123.0,Moderate,15,12,6,4,0,123.0,122.0,120.0,123.0,122.0,117.375
DL038,2020-06-12 16:00:00,40.0,119.5,0.8,28.17,15.6,11.45,1.75,24.9,12.03,1.73,17.73,,124.0,Moderate,16,12,6,4,0,123.0,122.0,121.0,122.0,122.5,117.45833333333333
DL038,2020-06-12 17:00:00,50.5,119.5,1.77,27.9,16.32,22.55,1.32,23.32,12.03,1.3,14.62,,124.0,Moderate,17,12,6,4,0,124.0,123.0,121.0,122.0,123.0,117.54166666666667
DL038,2020-06-12 18:00:00,59.0,129.5,2.73,32.6,19.52,22.52,1.4,18.18,22.93,1.0,27.15,,124.0,Moderate,18,12,6,4,0,124.0,123.0,122.0,113.0,123.33333333333333,118.0
DL038,2020-06-12 19:00:00,59.5,145.0,2.3,37.33,21.7,28.3,1.7,16.9,39.3,0.33,9.43,,124.0,Moderate,19,12,6,4,0,124.0,124.0,122.0,104.0,123.66666666666667,118.83333333333333
DL038,2020-06-12 20:00:00,61.5,151.5,2.0,38.98,22.35,44.1,1.85,19.2,12.03,0.62,8.6,,125.0,Moderate,20,12,6,4,0,124.0,124.0,123.0,105.0,124.0,119.66666666666667
DL038,2020-06-12 21:00:00,75.5,169.0,3.18,46.75,27.45,28.18,2.42,22.35,12.03,0.93,9.18,,125.0,Moderate,21,12,6,4,0,125.0,124.0,123.0,107.0,124.33333333333333,120.41666666666667
DL038,2020-06-12 22:00:00,86.0,179.0,5.45,51.2,31.65,13.35,2.23,33.9,63.95,2.5,12.82,,125.0,Moderate,22,12,6,4,0,125.0,124.0,124.0,109.0,124.5,121.08333333333333
DL038,2020-06-12 23:00:00,75.0,171.0,17.02,59.03,44.98,27.0,1.88,35.85,7.35,3.93,16.25,,124.0,Moderate,23,12,6,4,0,125.0,125.0,124.0,111.0,124.5,121.625
DL038,2020-06-13 00:00:00,60.0,137.0,8.6,31.7,23.85,23.9,1.7,33.65,1.6,1.93,6.55,,123.0,Moderate,0,13,6,5,1,124.0,125.0,124.0,114.0,124.33333333333333,122.0
DL038,2020-06-13 01:00:00,51.5,104.5,6.02,37.95,25.05,13.67,1.35,33.1,2.0,1.72,4.0,,121.0,Moderate,1,13,6,5,1,123.0,125.0,124.0,116.0,123.83333333333333,122.20833333333333
DL038,2020-06-13 02:00:00,53.5,102.0,3.73,27.8,17.82,16.9,1.42,29.8,20.55,0.9,2.85,,120.0,Moderate,2,13,6,5,1,121.0,124.0,125.0,118.0,123.0,122.29166666666667
DL038,2020-06-13 03:00:00,58.5,99.5,33.7,59.9,59.75,94.35,1.25,1.3,10.57,0.38,2.38,,119.0,Moderate,3,13,6,5,1,120.0,123.0,125.0,120.0,122.0,122.25
DL038,2020-06-13 04:00:00,57.0,91.0,40.38,60.08,65.83,115.3,1.2,3.6,10.03,0.38,4.62,,119.0,Moderate,4,13,6,5,1,119.0,121.0,125.0,120.0,121.0,122.20833333333333
DL038,2020-06-13 05:00:00,56.0,88.0,59.08,60.17,78.78,95.25,1.67,5.3,10.8,0.33,19.5,,119.0,Moderate,5,13,6,5,1,119.0,120.0,124.0,121.0,120.16666666666667,122.125
DL038,2020-06-13 06:00:00,52.0,89.5,24.52,33.7,37.98,69.62,1.68,5.5,7.78,1.0,6.38,,118.0,Moderate,6,13,6,5,1,119.0,119.0,123.0,121.0,119.33333333333333,122.0
DL038,2020-06-13 07:00:00,53.5,94.0,17.65,31.4,31.07,52.42,1.4,6.38,7.65,2.0,6.45,,118.0,Moderate,7,13,6,5,1,118.0,119.0,121.0,121.0,118.83333333333333,121.875
DL038,2020-06-13 08:00:00,51.5,94.0,11.15,31.67,25.98,42.88,1.4,10.82,9.15,1.73,3.8,,117.0,Moderate,8,13,6,5,1,118.0,119.0,120.0,121.0,118.33333333333333,121.70833333333333
DL038,2020-06-13 09:00:00,50.0,97.0,7.55,29.12,21.65,36.08,1.52,21.93,10.85,1.62,3.15,,116.0,Moderate,9,13,6,5,1,117.0,118.0,119.0,120.0,117.83333333333333,121.54166666666667
DL038,2020-06-13 10:00:00,57.5,106.5,4.65,27.75,18.57,33.1,1.4,16.9,49.5,0.68,3.4,,116.0,Moderate,10,13,6,5,1,116.0,118.0,119.0,121.0,117.33333333333333,121.33333333333333
DL038,2020-06-13 11:00:00,61.5,113.5,5.42,31.93,21.48,22.33,1.73,13.25,15.88,0.5,4.88,,115.0,Moderate,11,13,6,5,1,116.0,117.0,119.0,121.0,116.66666666666667,121.08333333333333
DL038,2020-06-13 12:00:00,64.0,126.5,7.12,35.67,24.78,23.8,1.62,14.15,18.23,0.45,8.78,,115.0,Moderate,12,13,6,5,1,115.0,116.0,118.0,122.0,116.16666666666667,120.79166666666667
DL038,2020-06-13 13:00:00,64.5,132.0,3.82,30.52,19.38,24.05,1.58,18.6,21.95,0.53,5.32,,115.0,Moderate,13,13,6,5,1,115.0,116.0,118.0,122.0,115.66666666666667,120.5
DL038,2020-06-13 14:00:00,57.0,124.5,4.0,31.7,20.1,26.18,1.68,23.18,12.03,0.8,7.15,,114.0,Moderate,14,13,6,5,1,115.0,115.0,117.0,123.0,115.16666666666667,120.125
DL038,2020-06-13 15:00:00,53.5,165.5,3.9,34.27,21.38,27.45,1.3,28.33,12.03,2.35,86.15,,115.0,Moderate,15,13,6,5,1,114.0,115.0,116.0,123.0,115.0,119.79166666666667
DL038,2020-06-13 16:00:00,37.0,131.0,2.35,26.77,16.23,27.25,1.42,27.23,12.03,1.15,27.32,,116.0,Moderate,16,13,6,5,1,115.0,115.0,116.0,124.0,115.0,119.45833333333333
DL038,2020-06-13 17:00:00,25.0,50.0,6.92,40.82,26.1,27.88,1.57,26.58,12.03,1.52,34.32,,114.0,Moderate,17,13,6,5,1,116.0,114.0,115.0,124.0,114.83333333333333,119.04166666666667
DL038,2020-06-13 18:00:00,36.5,86.5,6.1,34.65,23.35,31.05,1.35,23.35,47.5,1.18,27.07,,112.0,Moderate,18,13,6,5,1,114.0,115.0,115.0,124.0,114.33333333333333,118.54166666666667
DL038,2020-06-13 19:00:00,40.5,172.0,5.22,33.47,22.05,20.6,1.75,22.02,62.08,0.48,11.9,,113.0,Moderate,19,13,6,5,1,112.0,116.0,115.0,124.0,114.0,118.08333333333333
DL038,2020-06-13 20:00:00,40.0,179.5,7.17,32.15,23.02,19.23,1.65,22.12,3.9,0.42,11.28,,114.0,Moderate,20,13,6,5,1,113.0,114.0,114.0,125.0,114.0,117.625
DL038,2020-06-13 21:00:00,49.5,143.5,5.3,36.27,23.62,10.72,1.88,20.52,3.65,0.6,8.3,,113.0,Moderate,21,13,6,5,1,114.0,112.0,115.0,125.0,113.66666666666667,117.125
DL038,2020-06-13 22:00:00,54.0,145.0,6.08,36.98,24.75,20.48,2.05,20.95,3.6,1.27,9.2,,112.0,Moderate,22,13,6,5,1,113.0,113.0,116.0,125.0,113.0,116.58333333333333
DL038,2020-06-13 23:00:00,56.5,151.5,11.12,39.47,30.15,24.55,2.27,21.7,7.5,2.88,12.73,,112.0,Moderate,23,13,6,5,1,112.0,114.0,114.0,124.0,112.66666666666667,116.08333333333333
DL038,2020-06-14 00:00:00,62.5,157.5,23.27,46.33,43.67,22.27,1.75,21.82,20.77,3.5,22.85,,112.0,Moderate,0,14,6,6,1,112.0,113.0,112.0,123.0,112.66666666666667,115.625
DL038,2020-06-14 01:00:00,65.0,159.5,23.52,36.95,38.92,18.1,1.95,20.43,25.45,3.85,18.27,,114.0,Moderate,1,14,6,6,1,112.0,112.0,113.0,121.0,112.83333333333333,115.33333333333333
DL038,2020-06-14 02:00:00,89.5,181.5,17.12,32.17,31.12,17.45,1.97,20.0,23.2,3.17,11.35,,116.0,Moderate,2,14,6,6,1,114.0,112.0,114.0,120.0,113.16666666666667,115.16666666666667
DL038,2020-06-14 03:00:00,110.5,194.0,12.0,22.1,21.55,29.0,1.75,14.9,10.6,1.35,5.32,,119.0,Moderate,3,14,6,6,1,116.0,112.0,113.0,119.0,114.16666666666667,115.16666666666667
DL038,2020-06-14 04:00:00,99.0,168.0,10.0,20.67,19.15,34.95,1.6,12.02,10.08,0.62,2.83,,121.0,Moderate,4,14,6,6,1,119.0,114.0,112.0,119.0,115.66666666666667,115.25
DL038,2020-06-14 05:00:00,94.0,141.0,8.88,22.3,19.1,36.5,1.18,9.93,9.77,0.6,2.7,,122.0,Moderate,5,14,6,6,1,121.0,116.0,112.0,119.0,117.33333333333333,115.375
DL038,2020-06-14 06:00:00,97.0,129.0,10.43,22.68,20.55,57.17,1.5,14.95,8.43,0.88,4.45,,123.0,Moderate,6,14,6,6,1,122.0,119.0,112.0,118.0,119.16666666666667,115.58333333333333
DL038,2020-06-14 07:00:00,99.5,138.0,13.4,25.3,24.4,52.57,1.5,18.43,7.77,2.58,8.38,,125.0,Moderate,7,14,6,6,1,123.0,121.0,114.0,118.0,121.0,115.875
DL038,2020-06-14 08:00:00,105.0,151.0,16.33,26.0,27.15,50.92,1.62,18.83,8.57,2.9,9.55,,126.0,Moderate,8,14,6,6,1,125.0,122.0,116.0,117.0,122.66666666666667,116.25
DL038,2020-06-14 09:00:00,114.0,157.5,12.78,29.43,26.02,46.15,1.48,18.62,12.03,3.5,6.43,,128.0,Moderate,9,14,6,6,1,126.0,123.0,119.0,116.0,124.16666666666667,116.75
DL038,2020-06-14 10:00:00,129.5,177.0,7.2,29.48,21.52,41.52,2.05,16.62,12.03,2.12,4.33,,137.0,Moderate,10,14,6,6,1,128.0,125.0,121.0,116.0,126.83333333333333,117.625
DL038,2020-06-14 11:00:00,119.0,171.5,3.65,31.15,19.55,26.48,1.67,13.35,12.03,1.88,6.55,,145.0,Moderate,11,14,6,6,1,137.0,126.0,122.0,115.0,130.66666666666666,118.875
DL038,2020-06-14 12:00:00,86.0,136.5,4.15,38.92,24.15,36.38,1.4,18.32,16.9,3.12,9.65,,148.0,Moderate,12,14,6,6,1,145.0,128.0,123.0,115.0,134.83333333333334,120.25
DL038,2020-06-14 13:00:00,63.0,104.5,2.62,24.23,14.97,72.67,1.3,23.1,28.45,1.58,7.9,,148.0,Moderate,13,14,6,6,1,148.0,137.0,125.0,115.0,138.66666666666666,121.625
DL038,2020-06-14 14:00:00,48.0,89.5,2.9,24.65,15.47,41.2,1.3,24.43,12.03,1.68,5.22,,146.0,Moderate,14,14,6,6,1,148.0,145.0,126.0,114.0,142.0,122.95833333333333
DL038,2020-06-14 15:00:00,41.0,84.0,3.3,24.62,15.78,125.6,1.65,26.68,12.03,1.7,3.7,,145.0,Moderate,15,14,6,6,1,146.0,148.0,128.0,115.0,144.83333333333334,124.20833333333333
DL038,2020-06-14 16:00:00,43.0,82.0,3.12,22.3,14.4,100.67,1.83,24.93,7.25,1.25,3.32,,145.0,Moderate,16,14,6,6,1,145.0,148.0,137.0,116.0,146.16666666666666,125.41666666666667
DL038,2020-06-14 17:00:00,48.5,90.5,3.0,23.18,14.77,72.57,1.75,23.73,16.57,3.2,7.57,,149.0,Moderate,17,14,6,6,1,145.0,146.0,145.0,114.0,146.83333333333334,126.875
DL038,2020-06-14 18:00:00,55.5,101.0,2.27,25.05,15.2,72.6,1.9,25.05,15.68,1.55,14.88,,151.0,Moderate,18,14,6,6,1,149.0,145.0,148.0,112.0,147.33333333333334,128.5
DL038,2020-06-14 19:00:00,55.0,105.5,2.5,30.8,18.42,122.42,1.77,27.6,14.15,1.75,6.62,,153.0,Moderate,19,14,6,6,1,151.0,145.0,148.0,113.0,148.16666666666666,130.16666666666666
DL038,2020-06-14 20:00:00,52.0,114.5,3.12,32.88,20.02,120.5,1.52,27.07,13.07,2.08,8.05,,155.0,Moderate,20,14,6,6,1,153.0,149.0,146.0,114.0,149.66666666666666,131.875
DL038,2020-06-14 21:00:00,60.5,141.5,4.9,43.53,27.15,112.38,2.1,24.9,13.38,3.82,13.43,,157.0,Moderate,21,14,6,6,1,155.0,151.0,145.0,113.0,151.66666666666666,133.70833333333334
DL038,2020-06-14 22:00:00,65.5,153.0,8.52,43.85,30.25,94.42,2.42,24.52,10.55,4.9,19.98,,158.0,Moderate,22,14,6,6,1,157.0,153.0,145.0,112.0,153.83333333333334,135.625
DL038,2020-06-14 23:00:00,64.0,145.0,8.22,35.33,25.52,61.25,2.2,21.65,15.22,5.15,13.83,,159.0,Moderate,23,14,6,6,1,158.0,155.0,149.0,112.0,155.5,137.58333333333334
DL038,2020-06-15 00:00:00,60.5,127.5,5.35,26.55,18.48,41.45,1.55,13.72,14.53,2.7,6.65,,159.0,Moderate,0,15,6,0,0,159.0,157.0,151.0,112.0,156.83333333333334,139.54166666666666
DL038,2020-06-15 01:00:00,52.5,100.0,4.45,22.75,15.68,34.3,1.42,12.8,15.45,1.77,3.98,,157.0,Moderate,1,15,6,0,0,159.0,158.0,153.0,114.0,157.5,141.33333333333334
DL038,2020-06-15 02:00:00,47.5,82.0,3.95,21.82,14.82,44.85,1.23,20.6,23.2,1.23,2.73,,151.0,Moderate,2,15,6,0,0,157.0,159.0,155.0,116.0,156.83333333333334,142.79166666666666
DL038,2020-06-15 03:00:00,39.0,71.5,3.0,17.9,11.9,52.95,1.0,21.8,12.0,0.22,2.88,,141.0,Moderate,3,15,6,0,0,151.0,159.0,157.0,119.0,154.16666666666666,143.70833333333334
DL038,2020-06-15 04:00:00,35.5,70.5,4.5,18.58,13.52,62.58,0.9,22.55,6.85,1.73,3.47,,133.0,Moderate,4,15,6,0,0,141.0,157.0,158.0,121.0,150.0,144.20833333333334
DL038,2020-06-15 05:00:00,38.5,70.0,5.88,20.2,15.52,74.12,0.93,21.4,8.6,2.25,12.03,,125.0,Moderate,5,15,6,0,0,133.0,151.0,159.0,122.0,144.33333333333334,144.33333333333334
DL038,2020-06-15 06:00:00,36.5,74.0,8.58,22.48,18.95,65.95,1.58,19.45,10.18,2.5,6.28,,117.0,Moderate,6,15,6,0,0,125.0,141.0,159.0,123.0,137.33333333333334,144.08333333333334
DL038,2020-06-15 07:00:00,39.0,99.0,8.72,29.67,22.92,45.23,1.77,20.52,12.97,2.88,25.8,,108.0,Moderate,7,15,6,0,0,117.0,133.0,157.0,125.0,129.16666666666666,143.375
DL038,2020-06-15 08:00:00,44.5,110.0,7.78,27.55,20.98,35.67,2.25,27.35,13.07,1.8,120.53,,107.0,Moderate,8,15,6,0,0,108.0,125.0,151.0,126.0,121.83333333333333,142.58333333333334
DL038,2020-06-15 09:00:00,49.0,112.0,5.45,28.35,19.52,30.52,2.05,29.55,15.55,1.9,67.4,,106.0,Moderate,9,15,6,0,0,107.0,117.0,141.0,128.0,116.0,141.66666666666666
DL038,2020-06-15 10:00:00,61.0,129.5,3.05,29.7,18.27,32.72,1.55,35.47,18.95,2.12,51.6,,105.0,Moderate,10,15,6,0,0,106.0,108.0,133.0,137.0,111.33333333333333,140.33333333333334
DL038,2020-06-15 11:00:00,63.0,135.0,2.98,26.58,16.55,41.3,1.48,36.42,24.3,2.7,59.52,,104.0,Moderate,11,15,6,0,0,105.0,107.0,125.0,145.0,107.83333333333333,138.625
DL038,2020-06-15 12:00:00,53.5,120.0,3.08,24.48,15.53,58.78,1.15,34.77,31.65,2.03,51.83,,103.0,Moderate,12,15,6,0,0,104.0,106.0,117.0,148.0,105.5,136.75
DL038,2020-06-15 13:00:00,47.0,107.0,3.15,24.0,15.32,62.0,1.3,34.53,45.45,2.73,49.9,,103.0,Moderate,13,15,6,0,0,103.0,105.0,108.0,148.0,104.66666666666667,134.875
DL038,2020-06-15 14:00:00,42.5,108.0,3.23,24.62,15.75,58.17,1.1,30.4,52.77,1.43,50.0,,104.0,Moderate,14,15,6,0,0,103.0,104.0,107.0,146.0,104.16666666666667,133.125
DL038,2020-06-15 15:00:00,41.5,108.0,2.83,25.9,16.07,47.8,1.45,27.5,59.17,1.38,56.62,,104.0,Moderate,15,15,6,0,0,104.0,103.0,106.0,145.0,103.83333333333333,131.41666666666666
DL038,2020-06-15 16:00:00,40.5,107.0,2.38,26.8,16.25,39.92,1.43,27.55,66.4,1.25,25.65,,105.0,Moderate,16,15,6,0,0,104.0,103.0,105.0,145.0,103.83333333333333,129.75
DL038,2020-06-15 17:00:00,41.5,111.0,2.42,27.1,15.88,36.1,1.7,28.53,75.47,1.02,17.75,,106.0,Moderate,17,15,6,0,0,105.0,104.0,104.0,149.0,104.16666666666667,127.95833333333333
DL038,2020-06-15 18:00:00,45.0,116.0,2.17,31.4,18.47,37.42,1.48,28.75,79.85,1.02,17.33,,106.0,Moderate,18,15,6,0,0,106.0,104.0,103.0,151.0,104.66666666666667,126.08333333333333
DL038,2020-06-15 19:00:00,44.0,120.5,2.92,38.85,23.08,44.23,1.68,28.88,64.5,1.25,13.32,,106.0,Moderate,19,15,6,0,0,106.0,105.0,103.0,153.0,105.16666666666667,124.125
DL038,2020-06-15 20:00:00,50.5,153.5,3.62,46.75,27.85,53.03,2.02,28.75,41.55,2.92,18.95,,108.0,Moderate,20,15,6,0,0,106.0,106.0,104.0,155.0,105.83333333333333,122.16666666666667
DL038,2020-06-15 21:00:00,68.5,204.0,6.62,52.47,33.3,52.08,2.33,29.83,22.12,6.17,23.17,,109.0,Moderate,21,15,6,0,0,108.0,106.0,104.0,157.0,106.66666666666667,120.16666666666667
DL038,2020-06-15 22:00:00,75.0,211.5,7.22,45.77,30.22,51.23,1.83,29.23,20.8,6.3,21.45,,111.0,Moderate,22,15,6,0,0,109.0,106.0,105.0,158.0,107.66666666666667,118.20833333333333
DL038,2020-06-15 23:00:00,83.5,203.5,7.15,38.42,26.27,44.17,2.0,29.3,16.15,6.58,15.5,,113.0,Moderate,23,15,6,0,0,111.0,108.0,106.0,159.0,108.83333333333333,116.29166666666667
DL038,2020-06-16 00:00:00,90.5,207.0,8.15,33.38,24.35,34.02,1.72,20.88,14.17,5.75,15.22,,115.0,Moderate,0,16,6,1,0,113.0,109.0,106.0,159.0,110.33333333333333,114.45833333333333
DL038,2020-06-16 01:00:00,76.0,174.5,4.95,28.57,19.25,27.67,1.55,29.73,15.3,3.12,11.9,,117.0,Moderate,1,16,6,1,0,115.0,111.0,106.0,157.0,112.16666666666667,112.79166666666667
DL038,2020-06-16 02:00:00,60.5,133.0,4.17,23.1,15.72,32.67,1.38,23.3,23.6,1.8,5.58,,118.0,Moderate,2,16,6,1,0,117.0,113.0,108.0,151.0,113.83333333333333,111.41666666666667
DL038,2020-06-16 03:00:00,45.5,104.0,4.5,21.2,14.95,43.5,1.15,24.15,10.88,1.6,3.57,,119.0,Moderate,3,16,6,1,0,118.0,115.0,109.0,141.0,115.5,110.5
DL038,2020-06-16 04:00:00,35.0,81.0,4.72,21.55,15.35,40.4,1.08,23.25,13.32,2.15,3.8,,119.0,Moderate,4,16,6,1,0,119.0,117.0,111.0,133.0,116.83333333333333,109.91666666666667
DL038,2020-06-16 05:00:00,31.0,66.5,5.65,18.88,14.65,43.08,1.12,21.05,14.45,1.62,3.33,,119.0,Moderate,5,16,6,1,0,119.0,118.0,113.0,125.0,117.83333333333333,109.66666666666667
DL038,2020-06-16 06:00:00,25.0,50.0,5.25,19.55,14.68,42.33,1.45,18.77,15.05,1.45,3.38,,119.0,Moderate,6,16,6,1,0,119.0,119.0,115.0,117.0,118.5,109.75
DL038,2020-06-16 07:00:00,22.0,46.0,4.97,19.12,14.22,33.83,1.55,18.35,16.85,1.17,30.02,,117.0,Moderate,7,16,6,1,0,119.0,119.0,117.0,108.0,118.5,110.125
DL038,2020-06-16 08:00:00,23.0,57.5,4.5,22.4,15.5,26.7,1.55,14.43,15.27,1.15,4.5,,116.0,Moderate,8,16,6,1,0,117.0,119.0,118.0,107.0,118.16666666666667,110.5
DL038,2020-06-16 09:00:00,21.5,68.5,5.8,26.45,18.8,23.38,1.77,10.18,15.15,1.2,3.78,,115.0,Moderate,9,16,6,1,0,116.0,119.0,119.0,106.0,117.5,110.875
DL038,2020-06-16 10:00:00,30.0,82.0,4.35,31.85,20.48,27.68,1.88,18.33,16.42,0.93,4.15,,113.0,Moderate,10,16,6,1,0,115.0,117.0,119.0,105.0,116.5,111.20833333333333
DL038,2020-06-16 11:00:00,40.0,98.5,4.4,31.62,20.4,30.45,1.68,23.57,17.05,1.5,5.53,,112.0,Moderate,11,16,6,1,0,113.0,116.0,119.0,104.0,115.33333333333333,111.54166666666667
DL038,2020-06-16 12:00:00,40.5,108.0,3.47,31.75,19.77,36.55,1.45,25.1,39.83,1.98,5.45,,112.0,Moderate,12,16,6,1,0,112.0,115.0,119.0,103.0,114.16666666666667,111.91666666666667
DL038,2020-06-16 13:00:00,39.0,115.5,2.7,34.4,20.5,46.15,1.3,25.43,55.93,2.43,6.17,,112.0,Moderate,13,16,6,1,0,112.0,113.0,117.0,103.0,113.33333333333333,112.29166666666667
DL038,2020-06-16 14:00:00,34.5,105.0,1.67,32.35,18.38,49.73,1.5,24.1,72.32,2.65,37.27,,112.0,Moderate,14,16,6,1,0,112.0,112.0,116.0,104.0,112.66666666666667,112.625
DL038,2020-06-16 15:00:00,33.0,97.5,2.08,28.98,17.1,40.83,1.57,25.4,92.05,1.98,9.35,,112.0,Moderate,15,16,6,1,0,112.0,112.0,115.0,104.0,112.16666666666667,112.95833333333333
DL038,2020-06-16 16:00:00,34.5,99.0,2.9,29.25,17.9,33.02,1.77,26.82,96.75,1.97,11.95,,111.0,Moderate,16,16,6,1,0,112.0,112.0,113.0,105.0,111.83333333333333,113.20833333333333
DL038,2020-06-16 17:00:00,33.5,109.0,2.05,32.0,18.75,34.8,1.45,25.7,79.62,1.9,14.03,,111.0,Moderate,17,16,6,1,0,111.0,112.0,112.0,106.0,111.66666666666667,113.41666666666667
DL038,2020-06-16 18:00:00,33.5,121.0,2.23,49.58,28.17,47.4,1.47,19.52,73.5,2.53,16.62,,112.0,Moderate,18,16,6,1,0,111.0,112.0,112.0,106.0,111.66666666666667,113.66666666666667
DL038,2020-06-16 19:00:00,37.0,124.0,1.6,60.03,33.2,44.52,1.73,20.98,52.78,2.92,15.82,,112.0,Moderate,19,16,6,1,0,112.0,111.0,112.0,106.0,111.66666666666667,113.91666666666667
DL038,2020-06-16 20:00:00,39.0,133.5,3.25,48.1,28.23,38.38,1.77,23.6,47.98,4.0,15.75,,111.0,Moderate,20,16,6,1,0,112.0,111.0,112.0,108.0,111.5,114.04166666666667
DL038,2020-06-16 21:00:00,51.0,155.0,5.3,57.83,35.12,37.75,1.57,22.85,26.48,4.45,15.28,,110.0,Moderate,21,16,6,1,0,111.0,112.0,112.0,109.0,111.16666666666667,114.08333333333333
DL038,2020-06-16 22:00:00,60.0,170.0,6.58,52.72,33.42,39.95,2.05,23.18,22.22,6.03,21.77,,109.0,Moderate,22,16,6,1,0,110.0,112.0,111.0,111.0,110.83333333333333,114.0
DL038,2020-06-16 23:00:00,49.5,139.5,4.35,34.65,22.02,33.8,1.52,21.1,31.3,3.45,13.1,,107.0,Moderate,23,16,6,1,0,109.0,111.0,111.0,113.0,110.16666666666667,113.75
DL038,2020-06-17 00:00:00,41.0,108.0,3.85,31.45,19.9,28.47,1.18,18.62,27.73,2.38,8.07,,104.0,Moderate,0,17,6,2,0,107.0,110.0,112.0,115.0,108.83333333333333,113.29166666666667
DL038,2020-06-17 01:00:00,43.5,107.5,4.07,28.85,18.75,26.15,1.32,19.92,21.1,2.22,7.25,,102.0,Moderate,1,17,6,2,0,104.0,109.0,112.0,117.0,107.16666666666667,112.66666666666667
DL038,2020-06-17 02:00:00,42.0,111.5,4.18,23.18,15.75,27.62,1.45,18.85,24.2,1.3,3.0,,102.0,Moderate,2,17,6,2,0,102.0,107.0,111.0,118.0,105.66666666666667,112.0
DL038,2020-06-17 03:00:00,35.5,94.0,5.35,19.75,14.85,35.8,1.0,20.0,12.43,1.32,2.45,,101.0,Moderate,3,17,6,2,0,102.0,104.0,110.0,119.0,104.16666666666667,111.25
DL038,2020-06-17 04:00:00,28.0,65.5,6.35,21.07,16.38,32.1,1.03,18.95,11.68,1.38,2.62,,101.0,Moderate,4,17,6,2,0,101.0,102.0,109.0,119.0,102.83333333333333,110.5
DL038,2020-06-17 05:00:00,23.5,51.5,6.3,19.27,15.4,33.22,1.45,18.2,12.12,1.05,2.35,,101.0,Moderate,5,17,6,2,0,101.0,102.0,107.0,119.0,101.83333333333333,109.75
DL038,2020-06-17 06:00:00,22.0,47.0,6.5,19.27,15.53,33.75,1.48,18.23,11.83,1.0,2.68,,100.0,Satisfactory,6,17,6,2,0,101.0,101.0,104.0,119.0,101.16666666666667,108.95833333333333
DL038,2020-06-17 07:00:00,21.0,55.5,6.55,20.25,16.07,28.85,1.15,18.62,12.57,1.25,3.98,,101.0,Moderate,7,17,6,2,0,100.0,101.0,102.0,117.0,101.0,108.29166666666667
DL038,2020-06-17 08:00:00,24.5,66.0,7.45,19.55,16.33,23.32,1.45,17.85,13.05,1.52,3.45,,101.0,Moderate,8,17,6,2,0,101.0,101.0,102.0,116.0,100.83333333333333,107.66666666666667
DL038,2020-06-17 09:00:00,28.0,67.5,5.88,23.48,17.3,20.5,1.17,16.62,13.5,1.68,3.3,,101.0,Moderate,9,17,6,2,0,101.0,100.0,101.0,115.0,100.83333333333333,107.08333333333333
DL038,2020-06-17 10:00:00,32.5,88.5,5.1,27.32,18.73,21.48,1.38,21.0,14.97,1.25,4.08,,101.0,Moderate,10,17,6,2,0,101.0,101.0,101.0,113.0,100.83333333333333,106.58333333333333
DL038,2020-06-17 11:00:00,37.5,104.5,4.35,26.65,17.75,32.55,1.68,24.38,12.68,0.22,4.25,,101.0,Moderate,11,17,6,2,0,101.0,101.0,101.0,112.0,100.83333333333333,106.125
DL038,2020-06-17 12:00:00,37.0,97.0,3.9,28.52,18.38,27.28,1.4,25.45,13.4,1.82,6.22,,101.0,Moderate,12,17,6,2,0,101.0,101.0,100.0,112.0,101.0,105.66666666666667
DL038,2020-06-17 13:00:00,35.0,92.5,3.12,27.95,17.45,34.92,1.73,25.27,26.27,1.75,8.43,,100.0,Satisfactory,13,17,6,2,0,101.0,101.0,101.0,112.0,100.83333333333333,105.16666666666667
DL038,2020-06-17 14:00:00,34.5,89.0,2.5,27.8,16.88,42.57,1.65,23.95,41.02,1.72,6.0,,100.0,Satisfactory,14,17,6,2,0,100.0,101.0,101.0,112.0,100.66666666666667,104.66666666666667
DL038,2020-06-17 15:00:00,34.5,91.0,1.12,28.73,15.95,40.6,1.4,23.6,55.83,1.98,6.88,,99.0,Satisfactory,15,17,6,2,0,100.0,101.0,101.0,112.0,100.33333333333333,104.125
DL038,2020-06-17 16:00:00,37.0,97.5,2.9,28.35,17.38,34.23,1.4,24.32,69.55,1.95,6.25,,99.0,Satisfactory,16,17,6,2,0,99.0,100.0,101.0,111.0,100.0,103.625
DL038,2020-06-17 17:00:00,35.0,101.0,2.3,28.65,16.7,30.43,1.35,24.55,69.7,1.9,8.22,,99.0,Satisfactory,17,17,6,2,0,99.0,100.0,101.0,111.0,99.66666666666667,103.125
DL038,2020-06-17 18:00:00,38.5,106.0,1.85,33.7,19.43,30.52,1.75,24.32,61.57,1.9,8.47,,98.0,Satisfactory,18,17,6,2,0,99.0,99.0,101.0,112.0,99.16666666666667,102.54166666666667
DL038,2020-06-17 19:00:00,43.0,117.0,2.77,35.7,21.2,33.6,1.48,24.35,41.75,2.7,9.65,,98.0,Satisfactory,19,17,6,2,0,98.0,99.0,100.0,112.0,98.83333333333333,101.95833333333333
DL038,2020-06-17 20:00:00,46.0,132.0,6.45,37.53,25.2,39.47,1.25,23.58,30.75,3.2,8.85,,98.0,Satisfactory,20,17,6,2,0,98.0,99.0,100.0,111.0,98.5,101.41666666666667
DL038,2020-06-17 21:00:00,51.5,131.0,4.58,33.38,20.48,44.92,1.55,24.28,31.82,2.9,10.75,,97.0,Satisfactory,21,17,6,2,0,98.0,98.0,99.0,110.0,98.16666666666667,100.875
DL038,2020-06-17 22:00:00,45.5,107.5,4.83,30.4,20.12,46.0,1.38,20.18,24.07,2.5,8.18,,94.0,Satisfactory,22,17,6,2,0,97.0,98.0,99.0,109.0,97.33333333333333,100.25
DL038,2020-06-17 23:00:00,41.0,95.5,5.47,24.55,17.58,39.53,1.55,20.08,26.55,1.92,6.3,,93.0,Satisfactory,23,17,6,2,0,94.0,98.0,99.0,107.0,96.33333333333333,99.66666666666667
DL038,2020-06-18 00:00:00,36.0,100.0,4.68,21.48,15.25,29.35,1.85,17.7,17.32,1.48,3.28,,92.0,Satisfactory,0,18,6,3,0,93.0,97.0,98.0,104.0,95.33333333333333,99.16666666666667
DL038,2020-06-18 01:00:00,25.0,82.5,4.35,19.3,13.8,22.15,1.57,26.95,16.33,1.1,1.95,,92.0,Satisfactory,1,18,6,3,0,92.0,94.0,98.0,102.0,94.33333333333333,98.75
DL038,2020-06-18 02:00:00,25.5,57.5,4.5,25.48,17.17,25.2,1.27,20.25,25.9,0.88,1.67,,92.0,Satisfactory,2,18,6,3,0,92.0,93.0,98.0,102.0,93.33333333333333,98.33333333333333
DL038,2020-06-18 03:00:00,32.5,49.5,4.95,16.35,12.7,38.6,1.35,18.55,11.12,0.83,1.8,,92.0,Satisfactory,3,18,6,3,0,92.0,92.0,97.0,101.0,92.5,97.95833333333333
DL038,2020-06-18 04:00:00,32.5,48.0,5.47,19.5,14.85,33.98,1.18,17.4,10.0,1.38,2.98,,92.0,Satisfactory,4,18,6,3,0,92.0,92.0,94.0,101.0,92.16666666666667,97.58333333333333
DL038,2020-06-18 05:00:00,34.5,47.0,5.95,19.8,15.38,38.83,1.35,17.42,11.85,1.15,3.0,,92.0,Satisfactory,5,18,6,3,0,92.0,92.0,93.0,101.0,92.0,97.20833333333333
DL038,2020-06-18 06:00:00,33.5,49.5,7.42,20.32,17.0,39.88,1.48,17.53,11.2,1.35,2.6,,92.0,Satisfactory,6,18,6,3,0,92.0,92.0,92.0,100.0,92.0,96.875
DL038,2020-06-18 07:00:00,31.5,63.5,9.57,25.43,21.4,33.02,1.4,16.7,11.75,1.92,3.12,,92.0,Satisfactory,7,18,6,3,0,92.0,92.0,92.0,101.0,92.0,96.5
DL038,2020-06-18 08:00:00,35.0,68.0,9.47,22.93,19.93,24.5,1.52,21.07,12.88,1.68,2.65,,87.0,Satisfactory,8,18,6,3,0,92.0,92.0,92.0,101.0,91.16666666666667,95.91666666666667
DL038,2020-06-18 09:00:00,33.5,63.5,9.8,28.2,23.05,19.7,1.45,30.3,13.38,1.35,2.5,,87.0,Satisfactory,9,18,6,3,0,87.0,92.0,92.0,101.0,90.33333333333333,95.33333333333333
DL038,2020-06-18 10:00:00,33.0,71.5,10.57,31.23,25.25,18.9,1.48,20.73,14.93,0.93,2.6,,86.0,Satisfactory,10,18,6,3,0,87.0,92.0,92.0,101.0,89.33333333333333,94.70833333333333
DL038,2020-06-18 11:00:00,37.0,90.5,12.3,36.12,29.35,32.83,1.9,23.1,13.45,0.95,4.3,,95.0,Satisfactory,11,18,6,3,0,86.0,87.0,92.0,101.0,89.83333333333333,94.45833333333333
DL038,2020-06-18 12:00:00,39.0,114.0,5.67,39.35,24.65,28.88,1.82,24.18,19.7,2.53,5.5,,95.0,Satisfactory,12,18,6,3,0,95.0,87.0,92.0,101.0,90.33333333333333,94.20833333333333
DL038,2020-06-18 13:00:00,37.5,125.0,3.62,38.27,22.82,41.65,1.6,24.23,51.85,2.53,9.25,,95.0,Satisfactory,13,18,6,3,0,95.0,86.0,92.0,100.0,90.83333333333333,94.0
DL038,2020-06-18 14:00:00,35.5,116.5,6.9,35.65,24.85,45.73,1.68,22.8,72.93,2.33,27.83,,95.0,Satisfactory,14,18,6,3,0,95.0,95.0,87.0,100.0,92.16666666666667,93.79166666666667
DL038,2020-06-18 15:00:00,36.5,114.0,5.0,36.52,22.58,41.92,1.53,25.27,79.42,2.6,20.0,,95.0,Satisfactory,15,18,6,3,0,95.0,95.0,87.0,99.0,93.5,93.625
DL038,2020-06-18 16:00:00,38.5,116.0,3.62,30.9,19.32,36.1,1.35,25.55,87.15,2.08,64.9,,95.0,Satisfactory,16,18,6,3,0,95.0,95.0,86.0,99.0,95.0,93.45833333333333
DL038,2020-06-18 17:00:00,36.5,116.0,2.12,34.38,20.05,33.05,1.7,25.57,104.78,1.85,19.1,,107.0,Moderate,17,18,6,3,0,95.0,95.0,95.0,99.0,97.0,93.79166666666667
DL038,2020-06-18 18:00:00,39.5,118.0,5.08,42.78,26.73,32.4,1.48,26.5,99.88,2.17,16.25,,107.0,Moderate,18,18,6,3,0,107.0,95.0,95.0,98.0,99.0,94.16666666666667
DL038,2020-06-18 19:00:00,50.0,135.0,2.58,44.35,23.85,37.45,1.52,26.02,60.27,2.67,11.85,,107.0,Moderate,19,18,6,3,0,107.0,95.0,95.0,98.0,101.0,94.54166666666667
DL038,2020-06-18 20:00:00,58.5,165.0,4.25,50.72,30.45,40.0,2.02,25.65,33.4,4.15,12.2,,107.0,Moderate,20,18,6,3,0,107.0,107.0,95.0,98.0,103.0,94.91666666666667
DL038,2020-06-18 21:00:00,60.5,167.5,7.47,40.9,27.75,41.05,1.65,24.12,44.05,3.73,13.95,,107.0,Moderate,21,18,6,3,0,107.0,107.0,95.0,97.0,105.0,95.33333333333333
DL038,2020-06-18 22:00:00,52.0,140.5,4.15,33.0,20.93,41.8,1.25,22.23,25.85,2.92,11.48,,107.0,Moderate,22,18,6,3,0,107.0,107.0,95.0,94.0,107.0,95.875
DL038,2020-06-18 23:00:00,80.5,141.0,6.9,33.9,21.57,40.35,1.82,24.03,25.85,4.57,9.05,,107.0,Moderate,23,18,6,3,0,107.0,107.0,107.0,93.0,107.0,96.45833333333333
DL038,2020-06-19 00:00:00,97.0,144.0,6.08,26.78,19.18,31.4,1.98,20.88,27.77,5.05,5.73,,107.0,Moderate,0,19,6,4,0,107.0,107.0,107.0,92.0,107.0,97.08333333333333
DL038,2020-06-19 01:00:00,70.5,124.5,5.62,22.8,16.73,26.68,1.8,11.12,22.32,2.78,4.62,,101.0,Moderate,1,19,6,4,0,107.0,107.0,107.0,92.0,106.0,97.45833333333333
DL038,2020-06-19 02:00:00,61.0,116.0,3.8,23.05,11.88,27.1,1.62,21.2,28.0,2.53,4.85,,103.0,Moderate,2,19,6,4,0,101.0,107.0,107.0,92.0,105.33333333333333,97.91666666666667
DL038,2020-06-19 03:00:00,50.0,104.0,3.55,20.45,13.75,37.45,1.4,18.8,14.2,0.28,2.38,,104.0,Moderate,3,19,6,4,0,103.0,107.0,107.0,92.0,104.83333333333333,98.41666666666667
DL038,2020-06-19 04:00:00,35.5,85.0,3.65,17.73,11.28,30.93,1.08,18.62,7.47,1.45,2.2,,105.0,Moderate,4,19,6,4,0,104.0,101.0,107.0,92.0,104.5,98.95833333333333
DL038,2020-06-19 05:00:00,28.5,63.0,6.57,20.92,16.48,33.52,1.2,17.52,10.4,1.4,2.05,,106.0,Moderate,5,19,6,4,0,105.0,103.0,107.0,92.0,104.33333333333333,99.54166666666667
DL038,2020-06-19 06:00:00,30.5,54.5,6.35,21.03,16.35,36.85,1.68,16.4,10.32,1.32,2.08,,106.0,Moderate,6,19,6,4,0,106.0,104.0,107.0,92.0,104.16666666666667,100.125
DL038,2020-06-19 07:00:00,33.5,67.5,11.25,23.25,21.3,31.62,2.05,16.12,11.7,1.23,2.35,,106.0,Moderate,7,19,6,4,0,106.0,105.0,101.0,92.0,105.0,100.70833333333333
DL038,2020-06-19 08:00:00,37.5,79.0,10.47,26.42,22.62,24.45,1.65,15.05,12.0,1.53,2.5,,106.0,Moderate,8,19,6,4,0,106.0,106.0,103.0,87.0,105.5,101.5
DL038,2020-06-19 09:00:00,42.0,88.0,8.35,24.83,20.02,19.92,1.1,21.1,13.25,1.62,2.58,,107.0,Moderate,9,19,6,4,0,106.0,106.0,104.0,87.0,106.0,102.33333333333333
DL038,2020-06-19 10:00:00,47.5,119.0,7.53,28.65,21.38,21.15,1.65,13.07,14.85,1.48,3.27,,108.0,Moderate,10,19,6,4,0,107.0,106.0,105.0,86.0,106.5,103.25
DL038,2020-06-19 11:00:00,52.5,157.5,8.12,33.27,24.3,31.25,1.42,15.82,12.6,0.4,5.03,,110.0,Moderate,11,19,6,4,0,108.0,106.0,106.0,95.0,107.16666666666667,103.875
DL038,2020-06-19 12:00:00,54.0,222.0,4.5,33.8,21.68,26.95,1.42,19.23,14.6,1.6,15.88,,113.0,Moderate,12,19,6,4,0,110.0,107.0,106.0,95.0,108.33333333333333,104.625
DL038,2020-06-19 13:00:00,61.5,276.0,4.47,34.6,22.03,31.28,1.85,19.82,19.8,4.9,14.82,,117.0,Moderate,13,19,6,4,0,113.0,108.0,106.0,95.0,110.16666666666667,105.54166666666667
DL038,2020-06-19 14:00:00,64.0,289.5,3.15,31.75,19.47,37.2,1.48,20.43,31.1,3.42,10.85,,122.0,Moderate,14,19,6,4,0,117.0,110.0,106.0,95.0,112.83333333333333,106.66666666666667
DL038,2020-06-19 15:00:00,63.5,304.0,5.1,32.75,21.55,37.45,1.45,26.32,37.12,5.53,14.15,,128.0,Moderate,15,19,6,4,0,122.0,113.0,107.0,95.0,116.33333333333333,108.04166666666667
DL038,2020-06-19 16:00:00,64.0,323.5,3.88,31.65,19.02,32.9,1.48,27.45,44.65,3.57,13.03,,133.0,Moderate,16,19,6,4,0,128.0,117.0,108.0,95.0,120.5,109.625
DL038,2020-06-19 17:00:00,64.0,343.0,4.03,36.6,22.75,29.12,1.75,27.02,38.83,3.23,44.5,,140.0,Moderate,17,19,6,4,0,133.0,122.0,110.0,107.0,125.5,111.0
DL038,2020-06-19 18:00:00,71.5,335.5,3.92,39.88,24.38,28.62,1.78,24.5,30.15,6.88,25.92,,146.0,Moderate,18,19,6,4,0,140.0,128.0,113.0,107.0,131.0,112.625
DL038,2020-06-19 19:00:00,77.0,332.5,4.4,39.42,24.62,29.43,1.7,24.8,19.38,5.3,21.15,,151.0,Moderate,19,19,6,4,0,146.0,133.0,117.0,107.0,136.66666666666666,114.45833333333333
DL038,2020-06-19 20:00:00,73.5,324.0,4.65,38.65,24.35,33.58,1.57,25.1,18.98,5.5,23.93,,156.0,Moderate,20,19,6,4,0,151.0,140.0,122.0,107.0,142.33333333333334,116.5
DL038,2020-06-19 21:00:00,66.0,273.0,5.47,31.93,21.52,39.02,1.17,21.75,16.68,4.1,18.72,,159.0,Moderate,21,19,6,4,0,156.0,146.0,128.0,107.0,147.5,118.66666666666667
DL038,2020-06-19 22:00:00,59.0,217.0,5.38,34.67,22.82,40.8,1.35,22.12,26.08,3.3,14.45,,161.0,Moderate,22,19,6,4,0,159.0,151.0,133.0,107.0,152.16666666666666,120.91666666666667
DL038,2020-06-19 23:00:00,61.0,180.0,15.02,46.03,36.8,38.1,1.6,21.42,12.95,3.38,12.05,,162.0,Moderate,23,19,6,4,0,161.0,156.0,140.0,107.0,155.83333333333334,123.20833333333333
DL038,2020-06-20 00:00:00,62.5,153.5,9.35,27.45,22.2,30.45,1.55,17.83,17.0,3.33,7.98,,162.0,Moderate,0,20,6,5,1,162.0,159.0,146.0,107.0,158.5,125.5
DL038,2020-06-20 01:00:00,50.0,120.5,5.9,22.95,16.98,22.35,1.65,16.77,15.68,2.27,5.35,,162.0,Moderate,1,20,6,5,1,162.0,161.0,151.0,101.0,160.33333333333334,128.04166666666666
DL038,2020-06-20 02:00:00,41.0,87.0,4.42,19.98,14.22,23.4,1.4,21.9,26.6,1.55,4.05,,161.0,Moderate,2,20,6,5,1,162.0,162.0,156.0,103.0,161.16666666666666,130.45833333333334
DL038,2020-06-20 03:00:00,34.0,62.5,4.45,16.8,12.55,36.85,1.4,25.0,14.15,0.1,2.78,,160.0,Moderate,3,20,6,5,1,161.0,162.0,159.0,104.0,161.33333333333334,132.79166666666666
DL038,2020-06-20 04:00:00,27.0,45.0,4.47,18.77,13.6,30.12,1.4,26.43,10.75,0.4,3.7,,159.0,Moderate,4,20,6,5,1,160.0,162.0,161.0,105.0,161.0,135.04166666666666
DL038,2020-06-20 05:00:00,27.0,54.5,5.02,18.12,13.75,32.42,1.02,24.12,6.9,1.12,3.25,,159.0,Moderate,5,20,6,5,1,159.0,161.0,162.0,106.0,160.5,137.25
DL038,2020-06-20 06:00:00,23.0,50.5,6.65,20.33,16.23,36.48,1.4,22.8,10.02,0.93,4.0,,158.0,Moderate,6,20,6,5,1,159.0,160.0,162.0,106.0,159.83333333333334,139.41666666666666
DL038,2020-06-20 07:00:00,21.5,39.0,10.9,24.3,21.75,27.57,1.35,22.9,14.8,1.2,10.75,,158.0,Moderate,7,20,6,5,1,158.0,159.0,162.0,106.0,159.16666666666666,141.58333333333334
DL038,2020-06-20 08:00:00,24.5,58.0,15.85,29.08,28.35,22.75,1.55,22.88,13.88,1.52,58.38,,157.0,Moderate,8,20,6,5,1,158.0,159.0,161.0,106.0,158.5,143.70833333333334
DL038,2020-06-20 09:00:00,28.0,91.0,9.95,23.48,20.62,18.38,1.23,33.52,14.1,0.73,25.43,,157.0,Moderate,9,20,6,5,1,157.0,158.0,160.0,107.0,158.0,145.79166666666666
DL038,2020-06-20 10:00:00,37.5,98.5,9.72,26.72,22.1,18.77,1.5,35.67,16.05,0.77,85.88,,157.0,Moderate,10,20,6,5,1,157.0,158.0,159.0,108.0,157.66666666666666,147.83333333333334
DL038,2020-06-20 11:00:00,40.0,96.0,9.75,26.4,22.02,22.2,1.92,27.48,9.12,5.1,77.25,,155.0,Moderate,11,20,6,5,1,157.0,157.0,159.0,110.0,157.0,149.70833333333334
DL038,2020-06-20 12:00:00,40.0,113.5,9.65,26.48,22.0,27.45,1.8,27.77,11.98,6.35,47.25,,152.0,Moderate,12,20,6,5,1,155.0,157.0,158.0,113.0,156.0,151.33333333333334
DL038,2020-06-20 13:00:00,39.5,118.0,9.03,27.85,22.15,38.72,1.6,28.27,13.95,5.33,31.8,,147.0,Moderate,13,20,6,5,1,152.0,157.0,158.0,117.0,154.16666666666666,152.58333333333334
DL038,2020-06-20 14:00:00,34.0,114.5,6.75,29.65,21.25,39.98,1.62,25.82,25.05,3.4,24.5,,143.0,Moderate,14,20,6,5,1,147.0,155.0,157.0,122.0,151.83333333333334,153.45833333333334
DL038,2020-06-20 15:00:00,39.5,127.5,4.62,34.3,22.05,34.25,1.77,23.88,46.73,3.58,31.05,,138.0,Moderate,15,20,6,5,1,143.0,152.0,157.0,128.0,148.66666666666666,153.875
DL038,2020-06-20 16:00:00,47.0,144.5,3.47,38.67,23.43,28.35,1.23,22.3,59.38,3.25,19.0,,133.0,Moderate,16,20,6,5,1,138.0,147.0,157.0,133.0,144.66666666666666,153.875
DL038,2020-06-20 17:00:00,50.5,167.0,3.1,38.45,22.98,23.38,1.52,16.38,58.0,4.08,20.4,,128.0,Moderate,17,20,6,5,1,133.0,143.0,155.0,140.0,140.16666666666666,153.375
DL038,2020-06-20 18:00:00,56.0,207.5,2.75,41.8,24.45,23.15,1.6,19.68,32.83,3.48,20.32,,124.0,Moderate,18,20,6,5,1,128.0,138.0,152.0,146.0,135.5,152.45833333333334
DL038,2020-06-20 19:00:00,53.0,181.0,6.35,35.38,24.0,23.82,1.25,27.45,11.02,3.38,113.4,,120.0,Moderate,19,20,6,5,1,124.0,133.0,147.0,151.0,131.0,151.16666666666666
DL038,2020-06-20 20:00:00,44.0,120.5,6.62,31.45,22.12,30.88,1.15,36.1,13.22,2.35,131.07,,114.0,Moderate,20,20,6,5,1,120.0,128.0,143.0,156.0,126.16666666666667,149.41666666666666
DL038,2020-06-20 21:00:00,37.0,96.0,8.4,34.57,25.27,39.77,1.43,31.57,14.53,2.38,108.32,,110.0,Moderate,21,20,6,5,1,114.0,124.0,138.0,159.0,121.5,147.375
DL038,2020-06-20 22:00:00,30.0,96.5,12.82,39.55,31.48,38.35,1.35,22.07,12.92,2.93,76.15,,106.0,Moderate,22,20,6,5,1,110.0,120.0,133.0,161.0,117.0,145.08333333333334
DL038,2020-06-20 23:00:00,28.0,103.5,18.9,46.58,40.42,31.62,1.68,22.2,14.3,3.1,66.83,,104.0,Moderate,23,20,6,5,1,106.0,114.0,128.0,162.0,113.0,142.66666666666666
DL038,2020-06-21 00:00:00,28.5,98.0,28.58,49.9,49.98,21.58,1.2,14.35,12.9,3.15,81.3,,103.0,Moderate,0,21,6,6,1,104.0,110.0,124.0,162.0,109.5,140.20833333333334
DL038,2020-06-21 01:00:00,29.5,86.5,18.7,34.55,33.65,19.85,1.48,24.68,13.7,1.9,43.85,,102.0,Moderate,1,21,6,6,1,103.0,106.0,120.0,162.0,106.5,137.70833333333334
DL038,2020-06-21 02:00:00,30.0,83.0,15.07,39.48,33.33,20.17,1.65,23.45,18.1,1.85,29.38,,101.0,Moderate,2,21,6,6,1,102.0,104.0,114.0,161.0,104.33333333333333,135.20833333333334
DL038,2020-06-21 03:00:00,34.5,95.0,24.2,36.15,38.65,30.0,1.32,24.7,11.32,2.05,25.77,,102.0,Moderate,3,21,6,6,1,101.0,103.0,110.0,160.0,103.0,132.79166666666666
DL038,2020-06-21 04:00:00,40.5,95.5,19.6,31.4,32.68,33.55,1.18,22.77,14.3,2.05,66.03,,104.0,Moderate,4,21,6,6,1,102.0,102.0,106.0,159.0,102.66666666666667,130.5
DL038,2020-06-21 05:00:00,39.5,81.5,19.8,33.73,34.02,37.33,1.45,23.0,13.35,3.08,61.95,,105.0,Moderate,5,21,6,6,1,104.0,101.0,104.0,159.0,102.83333333333333,128.25
DL038,2020-06-21 06:00:00,27.0,54.0,13.32,24.27,23.77,36.03,0.93,19.38,12.95,1.25,29.95,,105.0,Moderate,6,21,6,6,1,105.0,102.0,103.0,158.0,103.16666666666667,126.04166666666667
DL038,2020-06-21 07:00:00,17.0,37.0,14.18,25.07,24.9,29.18,1.35,18.6,13.47,1.12,20.23,,105.0,Moderate,7,21,6,6,1,105.0,104.0,102.0,158.0,103.66666666666667,123.83333333333333
DL038,2020-06-21 08:00:00,27.0,62.0,13.97,32.62,28.68,24.12,1.08,23.55,13.28,1.58,18.88,,105.0,Moderate,8,21,6,6,1,105.0,105.0,101.0,157.0,104.33333333333333,121.66666666666667
DL038,2020-06-21 09:00:00,47.0,99.0,14.9,31.1,28.62,23.85,1.77,30.45,15.62,2.58,21.15,,105.0,Moderate,9,21,6,6,1,105.0,105.0,102.0,157.0,104.83333333333333,119.5
DL038,2020-06-21 10:00:00,57.0,111.5,15.85,36.33,32.28,21.95,1.98,27.05,17.67,3.07,14.28,,105.0,Moderate,10,21,6,6,1,105.0,105.0,104.0,157.0,105.0,117.33333333333333
DL038,2020-06-21 11:00:00,53.5,108.0,11.25,39.62,30.25,32.02,1.28,27.18,14.2,0.33,13.67,,106.0,Moderate,11,21,6,6,1,105.0,105.0,105.0,155.0,105.16666666666667,115.29166666666667
DL038,2020-06-21 12:00:00,46.5,100.0,6.42,34.03,23.38,24.82,1.5,29.48,12.92,1.5,17.0,,105.0,Moderate,12,21,6,6,1,106.0,105.0,105.0,152.0,105.16666666666667,113.33333333333333
DL038,2020-06-21 13:00:00,49.5,117.0,7.33,36.92,25.62,38.12,1.8,28.32,18.32,2.4,14.9,,105.0,Moderate,13,21,6,6,1,105.0,105.0,105.0,147.0,105.16666666666667,111.58333333333333
DL038,2020-06-21 14:00:00,52.5,131.5,4.88,33.73,21.93,42.35,1.62,27.5,23.05,2.67,12.8,,106.0,Moderate,14,21,6,6,1,105.0,106.0,105.0,143.0,105.33333333333333,110.04166666666667
DL038,2020-06-21 15:00:00,49.5,121.0,3.95,30.98,19.7,38.23,1.62,24.02,31.82,2.4,11.52,,105.0,Moderate,15,21,6,6,1,106.0,105.0,105.0,138.0,105.33333333333333,108.66666666666667
DL038,2020-06-21 16:00:00,49.5,110.0,3.27,27.6,17.35,29.05,1.3,21.12,33.95,1.82,7.1,,105.0,Moderate,16,21,6,6,1,105.0,105.0,105.0,133.0,105.33333333333333,107.5
DL038,2020-06-21 17:00:00,47.0,106.5,1.75,29.2,16.62,23.1,1.57,19.93,39.78,1.68,6.53,,103.0,Moderate,17,21,6,6,1,105.0,106.0,106.0,128.0,104.83333333333333,106.45833333333333
DL038,2020-06-21 18:00:00,48.0,108.5,2.55,31.55,18.9,21.3,1.55,21.7,41.98,1.58,6.35,,100.0,Satisfactory,18,21,6,6,1,103.0,105.0,105.0,124.0,104.0,105.45833333333333
DL038,2020-06-21 19:00:00,54.0,119.5,3.1,33.42,20.33,28.12,1.48,21.68,27.45,1.35,7.8,,98.0,Satisfactory,19,21,6,6,1,100.0,105.0,105.0,120.0,102.83333333333333,104.54166666666667
DL038,2020-06-21 20:00:00,59.5,141.5,4.5,39.33,24.6,28.9,1.52,21.33,15.4,3.2,13.75,,98.0,Satisfactory,20,21,6,6,1,98.0,103.0,106.0,114.0,101.5,103.875
DL038,2020-06-21 21:00:00,62.5,156.0,6.25,41.95,27.4,39.67,1.8,19.45,17.0,3.67,13.45,,101.0,Moderate,21,21,6,6,1,98.0,100.0,105.0,110.0,100.83333333333333,103.5
DL038,2020-06-21 22:00:00,60.5,141.0,5.48,35.75,23.47,48.98,1.48,18.9,20.45,3.35,11.45,,102.0,Moderate,22,21,6,6,1,101.0,98.0,105.0,106.0,100.33333333333333,103.33333333333333
DL038,2020-06-21 23:00:00,51.0,105.5,5.47,30.55,20.73,43.05,1.7,18.7,18.17,2.27,6.38,,102.0,Moderate,23,21,6,6,1,102.0,98.0,103.0,104.0,100.16666666666667,103.25
DL038,2020-06-22 00:00:00,47.5,93.5,3.95,27.65,17.95,31.1,2.08,15.8,18.07,2.05,5.27,,102.0,Moderate,0,22,6,0,0,102.0,101.0,100.0,103.0,100.5,103.20833333333333
DL038,2020-06-22 01:00:00,47.0,86.0,3.97,25.9,17.05,23.05,1.8,29.97,19.35,1.77,4.35,,102.0,Moderate,1,22,6,0,0,102.0,102.0,98.0,102.0,101.16666666666667,103.20833333333333
DL038,2020-06-22 02:00:00,47.5,77.5,3.85,24.83,16.35,24.38,1.62,24.0,28.85,1.78,4.25,,102.0,Moderate,2,22,6,0,0,102.0,102.0,98.0,101.0,101.83333333333333,103.25
DL038,2020-06-22 03:00:00,57.5,81.0,3.15,21.75,14.15,42.85,1.35,22.95,16.92,0.25,3.0,,101.0,Moderate,3,22,6,0,0,102.0,102.0,101.0,102.0,101.83333333333333,103.20833333333333
DL038,2020-06-22 04:00:00,65.0,81.0,9.23,32.38,24.72,39.05,1.53,23.4,11.32,1.45,5.12,,101.0,Moderate,4,22,6,0,0,101.0,102.0,102.0,104.0,101.66666666666667,103.08333333333333
DL038,2020-06-22 05:00:00,62.5,76.5,7.75,24.28,19.25,55.88,1.7,23.4,8.75,2.55,9.18,,101.0,Moderate,5,22,6,0,0,101.0,102.0,102.0,105.0,101.5,102.91666666666667
DL038,2020-06-22 06:00:00,56.0,71.0,7.88,21.12,17.65,54.3,1.25,22.05,10.1,2.58,8.65,,101.0,Moderate,6,22,6,0,0,101.0,101.0,102.0,105.0,101.33333333333333,102.75
DL038,2020-06-22 07:00:00,53.0,67.0,6.28,18.9,15.12,35.0,1.5,21.32,13.93,1.4,4.0,,102.0,Moderate,7,22,6,0,0,101.0,101.0,102.0,105.0,101.33333333333333,102.625
DL038,2020-06-22 08:00:00,22.0,24.0,4.9,18.77,14.0,26.7,1.43,24.55,13.6,1.45,4.72,,101.0,Moderate,8,22,6,0,0,102.0,101.0,102.0,105.0,101.16666666666667,102.45833333333333
DL038,2020-06-22 09:00:00,25.5,28.5,7.23,22.6,17.9,22.82,1.55,25.38,14.47,1.8,4.32,,98.0,Satisfactory,9,22,6,0,0,101.0,101.0,101.0,105.0,100.66666666666667,102.16666666666667
DL038,2020-06-22 10:00:00,33.5,45.5,7.47,27.02,20.43,25.7,1.4,25.3,16.77,1.43,9.12,,96.0,Satisfactory,10,22,6,0,0,98.0,102.0,101.0,105.0,99.83333333333333,101.79166666666667
DL038,2020-06-22 11:00:00,40.0,61.0,6.75,30.15,21.52,33.03,1.23,22.53,15.43,0.65,35.83,,94.0,Satisfactory,11,22,6,0,0,96.0,101.0,101.0,106.0,98.66666666666667,101.29166666666667
DL038,2020-06-22 12:00:00,44.5,67.0,4.38,29.0,18.98,26.25,1.73,23.2,15.0,0.88,54.65,,92.0,Satisfactory,12,22,6,0,0,94.0,98.0,101.0,105.0,97.16666666666667,100.75
DL038,2020-06-22 13:00:00,39.0,61.5,3.7,27.05,17.43,22.38,1.07,25.4,13.25,1.4,37.08,,90.0,Satisfactory,13,22,6,0,0,92.0,96.0,102.0,105.0,95.16666666666667,100.125
DL038,2020-06-22 14:00:00,30.0,60.5,2.72,27.05,16.6,43.38,1.35,24.77,25.5,2.4,78.78,,87.0,Satisfactory,14,22,6,0,0,90.0,94.0,101.0,106.0,92.83333333333333,99.33333333333333
DL038,2020-06-22 15:00:00,32.0,69.0,3.42,27.65,17.5,43.38,1.6,24.57,37.08,1.85,51.3,,86.0,Satisfactory,15,22,6,0,0,87.0,92.0,98.0,105.0,90.83333333333333,98.54166666666667
DL038,2020-06-22 16:00:00,35.5,66.0,2.93,25.32,15.82,34.3,1.93,23.62,45.67,1.38,35.25,,96.0,Satisfactory,16,22,6,0,0,86.0,90.0,96.0,105.0,90.83333333333333,98.16666666666667
DL038,2020-06-22 17:00:00,32.0,64.5,3.42,26.4,16.82,27.33,1.73,19.8,47.5,1.02,28.38,,96.0,Satisfactory,17,22,6,0,0,96.0,87.0,94.0,103.0,91.16666666666667,97.875
DL038,2020-06-22 18:00:00,37.0,76.0,2.62,30.65,18.43,25.75,1.7,19.25,43.8,1.2,18.77,,96.0,Satisfactory,18,22,6,0,0,96.0,86.0,92.0,100.0,91.83333333333333,97.70833333333333
DL038,2020-06-22 19:00:00,43.5,79.0,3.12,35.88,21.62,28.73,1.6,22.93,30.0,1.18,12.28,,96.0,Satisfactory,19,22,6,0,0,96.0,96.0,90.0,98.0,92.83333333333333,97.625
DL038,2020-06-22 20:00:00,49.0,93.0,3.62,37.72,23.03,41.38,1.67,22.65,31.27,2.6,13.0,,96.0,Satisfactory,20,22,6,0,0,96.0,96.0,87.0,98.0,94.33333333333333,97.54166666666667
DL038,2020-06-22 21:00:00,92.0,155.0,5.88,45.92,29.25,61.48,2.25,20.25,23.5,7.28,20.7,,103.0,Moderate,21,22,6,0,0,96.0,96.0,86.0,101.0,97.16666666666667,97.625
DL038,2020-06-22 22:00:00,116.5,199.0,7.98,47.6,31.8,69.6,2.12,20.3,14.07,6.25,20.42,,103.0,Moderate,22,22,6,0,0,103.0,96.0,96.0,102.0,98.33333333333333,97.66666666666667
DL038,2020-06-22 23:00:00,89.5,187.0,10.07,44.03,31.62,54.8,1.7,21.38,25.45,5.0,18.12,,103.0,Moderate,23,22,6,0,0,103.0,96.0,96.0,102.0,99.5,97.70833333333333
DL038,2020-06-23 00:00:00,74.0,173.0,9.25,40.95,29.2,38.38,1.52,17.85,51.45,3.3,15.0,,103.0,Moderate,0,23,6,1,0,103.0,103.0,96.0,102.0,100.66666666666667,97.75
DL038,2020-06-23 01:00:00,71.5,159.0,6.97,28.98,21.1,27.32,1.33,26.55,43.7,2.8,14.93,,103.0,Moderate,1,23,6,1,0,103.0,103.0,96.0,102.0,101.83333333333333,97.79166666666667
DL038,2020-06-23 02:00:00,51.5,109.5,5.45,21.52,15.95,26.4,1.27,24.9,24.5,1.7,6.33,,103.0,Moderate,2,23,6,1,0,103.0,103.0,96.0,102.0,103.0,97.83333333333333
DL038,2020-06-23 03:00:00,32.0,71.0,5.85,16.9,13.75,46.5,1.4,25.1,12.8,0.3,5.22,,103.0,Moderate,3,23,6,1,0,103.0,103.0,103.0,101.0,103.0,97.91666666666667
DL038,2020-06-23 04:00:00,24.0,54.0,7.43,16.77,15.03,42.58,1.23,25.07,10.15,0.43,3.3,,103.0,Moderate,4,23,6,1,0,103.0,103.0,103.0,101.0,103.0,98.0
DL038,2020-06-23 05:00:00,22.0,45.5,7.3,19.38,16.2,63.03,1.27,24.57,7.75,1.02,4.33,,102.0,Moderate,5,23,6,1,0,103.0,103.0,103.0,101.0,102.83333333333333,98.04166666666667
DL038,2020-06-23 06:00:00,24.0,51.0,7.85,20.35,17.15,61.58,1.3,23.2,9.72,1.17,6.27,,86.0,Satisfactory,6,23,6,1,0,102.0,103.0,103.0,101.0,100.0,97.41666666666667
DL038,2020-06-23 07:00:00,24.0,53.0,8.72,21.05,18.35,47.2,1.35,23.48,11.3,1.42,6.1,,86.0,Satisfactory,7,23,6,1,0,86.0,103.0,103.0,102.0,97.16666666666667,96.75
DL038,2020-06-23 08:00:00,27.0,63.5,9.9,21.12,19.0,31.3,1.25,21.75,11.82,1.23,4.17,,87.0,Satisfactory,8,23,6,1,0,86.0,102.0,103.0,101.0,94.5,96.16666666666667
DL038,2020-06-23 09:00:00,33.5,88.5,8.1,23.23,18.93,23.95,1.5,28.18,12.6,1.85,4.15,,90.0,Satisfactory,9,23,6,1,0,87.0,86.0,103.0,98.0,92.33333333333333,95.83333333333333
DL038,2020-06-23 10:00:00,34.0,105.5,5.78,22.9,16.98,22.98,1.6,24.95,14.78,1.82,5.28,,92.0,Satisfactory,10,23,6,1,0,90.0,86.0,103.0,96.0,90.5,95.66666666666667
DL038,2020-06-23 11:00:00,31.5,107.0,6.85,24.03,18.27,29.77,1.23,21.55,13.88,0.3,7.05,,94.0,Satisfactory,11,23,6,1,0,92.0,87.0,102.0,94.0,89.16666666666667,95.66666666666667
DL038,2020-06-23 12:00:00,39.5,108.0,7.05,21.62,16.7,33.92,1.3,23.0,12.55,0.23,8.1,,96.0,Satisfactory,12,23,6,1,0,94.0,90.0,86.0,92.0,90.83333333333333,95.83333333333333
DL038,2020-06-23 13:00:00,43.5,96.0,11.4,26.4,22.92,41.88,1.38,23.88,10.7,1.18,9.62,,97.0,Satisfactory,13,23,6,1,0,96.0,92.0,86.0,90.0,92.66666666666667,96.125
DL038,2020-06-23 14:00:00,33.0,89.0,8.15,25.48,20.0,58.4,1.4,23.1,8.53,1.6,9.88,,98.0,Satisfactory,14,23,6,1,0,97.0,94.0,87.0,87.0,94.5,96.58333333333333
DL038,2020-06-23 15:00:00,22.5,98.0,9.43,27.62,22.45,52.33,1.65,22.15,8.35,1.65,9.18,,100.0,Satisfactory,15,23,6,1,0,98.0,96.0,90.0,86.0,96.16666666666667,97.16666666666667
DL038,2020-06-23 16:00:00,22.5,106.5,11.35,29.85,20.38,36.27,1.95,21.2,12.35,2.22,14.05,,101.0,Moderate,16,23,6,1,0,100.0,97.0,92.0,96.0,97.66666666666667,97.375
DL038,2020-06-23 17:00:00,27.0,126.0,11.75,30.23,22.33,26.32,2.23,16.12,15.35,1.73,11.25,,103.0,Moderate,17,23,6,1,0,101.0,98.0,94.0,96.0,99.16666666666667,97.66666666666667
DL038,2020-06-23 18:00:00,31.5,138.5,7.35,29.55,21.6,23.02,2.08,18.2,21.3,2.08,14.18,,104.0,Moderate,18,23,6,1,0,103.0,100.0,96.0,96.0,100.5,98.0
DL038,2020-06-23 19:00:00,36.5,135.0,7.15,30.3,21.98,28.85,2.0,21.62,17.88,0.53,8.97,,106.0,Moderate,19,23,6,1,0,104.0,101.0,97.0,96.0,102.0,98.41666666666667
DL038,2020-06-23 20:00:00,39.5,133.5,7.83,28.8,21.7,32.55,1.8,22.55,21.22,1.55,10.2,,107.0,Moderate,20,23,6,1,0,106.0,103.0,98.0,96.0,103.5,98.875
DL038,2020-06-23 21:00:00,42.5,142.5,9.97,29.12,23.6,51.85,2.0,22.12,16.3,2.12,11.9,,107.0,Moderate,21,23,6,1,0,107.0,104.0,100.0,103.0,104.66666666666667,99.04166666666667
DL038,2020-06-23 22:00:00,40.5,124.0,8.52,24.02,19.68,57.83,1.75,20.3,22.6,2.17,11.55,,105.0,Moderate,22,23,6,1,0,107.0,106.0,101.0,103.0,105.33333333333333,99.125
DL038,2020-06-23 23:00:00,38.5,90.5,6.07,23.0,17.18,50.23,1.32,20.73,13.5,1.82,7.62,,103.0,Moderate,23,23,6,1,0,105.0,107.0,103.0,103.0,105.33333333333333,99.125
DL038,2020-06-24 00:00:00,38.5,87.5,5.3,22.72,16.43,33.92,1.3,18.0,12.8,1.67,5.98,,103.0,Moderate,0,24,6,2,0,103.0,107.0,104.0,103.0,105.16666666666667,99.125
DL038,2020-06-24 01:00:00,35.0,74.0,4.33,18.97,13.65,24.1,1.48,23.7,13.65,1.15,3.25,,101.0,Moderate,1,24,6,2,0,103.0,105.0,106.0,103.0,104.33333333333333,99.04166666666667
DL038,2020-06-24 02:00:00,31.5,52.0,2.85,16.82,11.3,23.52,1.3,27.9,25.25,0.72,2.42,,100.0,Satisfactory,2,24,6,2,0,101.0,103.0,107.0,103.0,103.16666666666667,98.91666666666667
DL038,2020-06-24 03:00:00,32.5,53.5,4.95,15.35,12.15,42.95,1.35,29.85,15.03,0.22,1.73,,100.0,Satisfactory,3,24,6,2,0,100.0,103.0,107.0,103.0,102.0,98.79166666666667
DL038,2020-06-24 04:00:00,37.0,62.5,6.28,19.52,15.48,35.17,1.38,28.5,11.35,0.05,1.65,,100.0,Satisfactory,4,24,6,2,0,100.0,101.0,105.0,103.0,101.16666666666667,98.66666666666667
DL038,2020-06-24 05:00:00,34.5,59.5,7.03,21.62,17.4,48.35,1.38,28.05,10.0,1.08,2.75,,94.0,Satisfactory,5,24,6,2,0,100.0,100.0,103.0,102.0,99.66666666666667,98.33333333333333
DL038,2020-06-24 06:00:00,28.0,56.0,9.52,18.68,15.28,55.75,1.17,26.68,7.82,1.1,5.03,,94.0,Satisfactory,6,24,6,2,0,94.0,100.0,103.0,86.0,98.16666666666667,98.66666666666667
DL038,2020-06-24 07:00:00,24.0,64.5,7.9,22.0,18.17,43.75,1.6,27.6,32.83,1.27,6.5,,94.0,Satisfactory,7,24,6,2,0,94.0,100.0,101.0,86.0,97.0,99.0
DL038,2020-06-24 08:00:00,30.5,72.5,9.88,17.67,17.3,30.53,1.5,21.62,19.18,1.65,5.53,,95.0,Satisfactory,8,24,6,2,0,94.0,94.0,100.0,87.0,96.16666666666667,99.33333333333333
DL038,2020-06-24 09:00:00,35.5,73.5,9.03,20.3,18.58,25.42,1.45,17.38,14.18,1.77,3.27,,94.0,Satisfactory,9,24,6,2,0,95.0,94.0,100.0,90.0,95.16666666666667,99.5
DL038,2020-06-24 10:00:00,39.0,112.0,14.9,23.27,21.23,23.82,1.42,19.62,18.42,1.5,5.4,,94.0,Satisfactory,10,24,6,2,0,94.0,94.0,100.0,92.0,94.16666666666667,99.58333333333333
DL038,2020-06-24 11:00:00,50.5,185.5,6.8,25.77,19.32,29.88,1.55,24.75,16.55,0.57,10.47,,98.0,Satisfactory,11,24,6,2,0,94.0,95.0,94.0,94.0,94.83333333333333,99.75
DL038,2020-06-24 12:00:00,45.5,180.5,6.53,28.18,20.03,33.58,1.52,26.55,16.27,0.38,19.8,,100.0,Satisfactory,12,24,6,2,0,98.0,94.0,94.0,96.0,95.83333333333333,99.91666666666667
DL038,2020-06-24 13:00:00,25.5,114.0,8.62,21.67,15.08,38.23,1.3,26.15,13.45,5.92,15.47,,101.0,Moderate,13,24,6,2,0,100.0,94.0,94.0,97.0,97.0,100.08333333333333
DL038,2020-06-24 14:00:00,16.0,88.0,10.7,24.3,22.0,53.4,1.2,27.35,22.05,12.35,5.55,,101.0,Moderate,14,24,6,2,0,101.0,98.0,95.0,98.0,98.0,100.20833333333333
DL038,2020-06-24 15:00:00,86.13499999999999,233.0,21.24,42.62,44.15,41.2,1.32,15.28,12.03,,,,101.0,Moderate,15,24,6,2,0,101.0,100.0,94.0,100.0,99.16666666666667,100.25
DL038,2020-06-24 16:00:00,86.13499999999999,233.0,21.24,42.62,44.15,41.2,1.32,15.28,12.03,,,,101.0,Moderate,16,24,6,2,0,101.0,101.0,94.0,101.0,100.33333333333333,100.25
DL038,2020-06-24 17:00:00,86.13499999999999,233.0,21.24,42.62,44.15,41.2,1.32,15.28,12.03,,,,100.0,Satisfactory,17,24,6,2,0,101.0,101.0,98.0,103.0,100.66666666666667,100.125
DL038,2020-06-24 18:00:00,86.13499999999999,233.0,21.24,42.62,44.15,41.2,1.32,15.28,12.03,,,,98.0,Satisfactory,18,24,6,2,0,100.0,101.0,100.0,104.0,100.33333333333333,99.875
DL038,2020-06-24 19:00:00,86.13499999999999,233.0,21.24,42.62,44.15,41.2,1.32,15.28,12.03,,,,96.0,Satisfactory,19,24,6,2,0,98.0,101.0,101.0,106.0,99.5,99.45833333333333
DL038,2020-06-24 20:00:00,86.13499999999999,233.0,21.24,42.62,44.15,41.2,1.32,15.28,12.03,,,,94.0,Satisfactory,20,24,6,2,0,96.0,100.0,101.0,107.0,98.33333333333333,98.91666666666667
DL038,2020-06-24 21:00:00,86.13499999999999,233.0,21.24,42.62,44.15,41.2,1.32,15.28,12.03,,,,91.0,Satisfactory,21,24,6,2,0,94.0,98.0,101.0,107.0,96.66666666666667,98.25
DL038,2020-06-24 22:00:00,86.13499999999999,233.0,21.24,42.62,44.15,41.2,1.32,15.28,12.03,,,,89.0,Satisfactory,22,24,6,2,0,91.0,96.0,101.0,105.0,94.66666666666667,97.58333333333333
DL038,2020-06-25 22:00:00,57.25,93.5,6.52,34.03,23.45,44.8,1.18,17.18,11.98,2.75,37.95,,90.0,Satisfactory,22,25,6,3,0,89.0,94.0,100.0,103.0,93.0,97.04166666666667
DL038,2020-06-25 23:00:00,50.75,86.75,9.38,37.95,27.85,38.67,1.4,17.43,12.05,2.58,19.35,,90.0,Satisfactory,23,25,6,3,0,90.0,91.0,98.0,103.0,91.66666666666667,96.5
DL038,2020-06-26 00:00:00,39.75,77.25,13.25,39.48,31.7,27.75,1.45,17.05,13.73,2.75,24.45,,90.0,Satisfactory,0,26,6,4,0,90.0,89.0,96.0,101.0,90.66666666666667,96.04166666666667
DL038,2020-06-26 01:00:00,45.5,66.5,18.3,39.17,35.8,20.95,1.5,18.15,13.88,2.45,16.8,,90.0,Satisfactory,1,26,6,4,0,90.0,90.0,94.0,100.0,90.0,95.625
DL038,2020-06-26 02:00:00,48.5,60.25,10.48,26.88,22.85,24.9,1.48,23.75,24.2,2.25,9.18,,90.0,Satisfactory,2,26,6,4,0,90.0,90.0,91.0,100.0,89.83333333333333,95.20833333333333
DL038,2020-06-26 03:00:00,66.75,80.25,13.8,30.0,27.1,45.0,1.6,16.1,14.8,1.45,8.22,,90.0,Satisfactory,3,26,6,4,0,90.0,90.0,89.0,100.0,90.0,94.79166666666667
DL038,2020-06-26 04:00:00,103.75,124.5,15.4,33.3,30.22,40.25,1.5,17.02,12.05,1.05,6.75,,90.0,Satisfactory,4,26,6,4,0,90.0,90.0,90.0,94.0,90.0,94.625
DL038,2020-06-26 05:00:00,94.75,111.25,16.6,27.0,27.9,41.88,1.35,18.75,11.47,2.73,8.22,,87.0,Satisfactory,5,26,6,4,0,90.0,90.0,90.0,94.0,89.5,94.33333333333333
DL038,2020-06-26 06:00:00,104.75,117.75,17.52,26.33,28.32,48.48,1.33,17.02,31.48,4.2,13.93,,88.0,Satisfactory,6,26,6,4,0,87.0,90.0,90.0,94.0,89.16666666666667,94.08333333333333
DL038,2020-06-26 07:00:00,94.25,133.0,15.75,25.2,26.3,43.58,1.4,18.1,13.12,5.35,26.23,,91.0,Satisfactory,7,26,6,4,0,88.0,90.0,90.0,95.0,89.33333333333333,93.91666666666667
DL038,2020-06-26 08:00:00,71.0,120.75,13.45,22.2,22.77,29.73,1.6,16.57,14.88,3.68,15.35,,94.0,Satisfactory,8,26,6,4,0,91.0,87.0,90.0,94.0,90.0,93.91666666666667
DL038,2020-06-26 09:00:00,62.0,104.75,10.05,23.1,20.47,24.8,1.58,15.55,17.02,3.2,11.6,,96.0,Satisfactory,9,26,6,4,0,94.0,88.0,90.0,94.0,91.0,94.0
DL038,2020-06-26 10:00:00,62.0,118.5,4.95,31.35,20.7,21.35,1.68,25.7,23.5,2.72,47.25,,98.0,Satisfactory,10,26,6,4,0,96.0,91.0,90.0,98.0,92.33333333333333,94.0
DL038,2020-06-26 11:00:00,68.0,138.75,4.78,37.22,23.73,27.88,1.4,23.55,22.42,1.05,78.53,,101.0,Moderate,11,26,6,4,0,98.0,94.0,87.0,100.0,94.66666666666667,94.04166666666667
DL038,2020-06-26 12:00:00,74.75,155.25,5.88,30.12,20.85,24.05,1.33,24.4,12.17,0.47,104.22,,103.0,Moderate,12,26,6,4,0,101.0,96.0,88.0,101.0,97.16666666666667,94.125
DL038,2020-06-26 13:00:00,38.0,156.0,6.6,26.08,19.25,41.2,1.15,21.53,11.85,0.85,53.0,,106.0,Moderate,13,26,6,4,0,103.0,98.0,91.0,101.0,99.66666666666667,94.33333333333333
DL038,2020-06-26 14:00:00,29.5,104.75,4.7,26.1,17.7,47.12,1.42,19.75,11.6,1.48,45.9,,107.0,Moderate,14,26,6,4,0,106.0,101.0,94.0,101.0,101.83333333333333,94.58333333333333
DL038,2020-06-26 15:00:00,29.0,86.75,4.83,26.15,17.82,49.08,1.3,18.67,9.32,1.43,46.58,,106.0,Moderate,15,26,6,4,0,107.0,103.0,96.0,101.0,103.5,94.79166666666667
DL038,2020-06-26 16:00:00,23.5,87.5,4.45,29.1,19.1,36.5,1.42,20.9,16.9,1.2,53.0,,102.0,Moderate,16,26,6,4,0,106.0,106.0,98.0,100.0,104.16666666666667,94.875
DL038,2020-06-26 17:00:00,24.25,86.25,3.8,31.45,19.82,29.15,2.08,21.43,22.35,1.5,56.25,,101.0,Moderate,17,26,6,4,0,102.0,107.0,101.0,98.0,104.16666666666667,95.0
DL038,2020-06-26 18:00:00,24.25,105.0,4.08,33.42,21.05,24.07,1.57,21.68,20.7,2.67,89.7,,102.0,Moderate,18,26,6,4,0,101.0,106.0,103.0,96.0,104.0,95.25
DL038,2020-06-26 19:00:00,32.25,130.25,6.32,31.23,21.77,27.4,1.53,24.6,17.62,1.45,145.75,,103.0,Moderate,19,26,6,4,0,102.0,102.0,106.0,94.0,103.5,95.625
DL038,2020-06-26 20:00:00,36.5,122.75,5.7,33.42,22.32,27.75,1.83,20.62,11.5,1.68,43.08,,104.0,Moderate,20,26,6,4,0,103.0,101.0,107.0,91.0,103.0,96.16666666666667
DL038,2020-06-26 21:00:00,36.75,116.25,7.0,34.42,23.95,38.78,1.12,18.43,13.03,2.0,82.55,,105.0,Moderate,21,26,6,4,0,104.0,102.0,106.0,89.0,102.83333333333333,96.83333333333333
DL038,2020-06-26 22:00:00,33.0,114.0,8.57,35.2,25.62,46.9,1.65,23.9,13.4,2.1,138.32,,106.0,Moderate,22,26,6,4,0,105.0,103.0,102.0,90.0,103.5,97.5
DL038,2020-06-26 23:00:00,32.5,104.25,10.48,27.17,22.98,43.02,1.7,25.68,13.62,2.33,199.8,,106.0,Moderate,23,26,6,4,0,106.0,104.0,101.0,90.0,104.33333333333333,98.16666666666667
DL038,2020-06-27 00:00:00,34.75,102.75,8.88,27.7,21.95,30.2,0.95,23.05,13.15,1.45,186.0,,107.0,Moderate,0,27,6,5,1,106.0,105.0,102.0,90.0,105.16666666666667,98.875
DL038,2020-06-27 01:00:00,47.75,106.75,8.18,28.8,21.97,22.1,1.52,19.0,13.9,1.82,147.75,,108.0,Moderate,1,27,6,5,1,107.0,106.0,103.0,90.0,106.0,99.625
DL038,2020-06-27 02:00:00,57.0,110.5,14.47,28.45,26.92,20.6,1.38,28.7,24.95,1.92,147.1,,109.0,Moderate,2,27,6,5,1,108.0,106.0,104.0,90.0,106.83333333333333,100.41666666666667
DL038,2020-06-27 03:00:00,64.75,102.5,25.9,33.8,39.1,36.45,1.35,28.2,13.65,1.0,197.95,,110.0,Moderate,3,27,6,5,1,109.0,107.0,105.0,90.0,107.66666666666667,101.25
DL038,2020-06-27 04:00:00,50.0,87.25,39.07,40.62,53.65,31.35,1.65,33.45,11.47,0.68,245.68,,109.0,Moderate,4,27,6,5,1,110.0,108.0,106.0,90.0,108.16666666666667,102.04166666666667
DL038,2020-06-27 05:00:00,39.75,69.5,44.25,40.38,57.62,43.2,1.25,27.9,8.35,2.45,243.58,,108.0,Moderate,5,27,6,5,1,109.0,109.0,106.0,87.0,108.5,102.91666666666667
DL038,2020-06-27 06:00:00,27.0,62.5,30.57,31.73,41.83,48.55,1.45,27.07,9.7,1.85,235.62,,106.0,Moderate,6,27,6,5,1,108.0,110.0,107.0,88.0,108.33333333333333,103.66666666666667
DL038,2020-06-27 07:00:00,26.5,76.75,26.83,28.02,36.77,41.52,1.78,24.98,12.1,2.17,246.45,,105.0,Moderate,7,27,6,5,1,106.0,109.0,108.0,91.0,107.83333333333333,104.25
DL038,2020-06-27 08:00:00,26.5,87.0,23.18,27.25,33.45,30.0,2.28,20.23,11.88,1.88,183.5,,104.0,Moderate,8,27,6,5,1,105.0,108.0,109.0,94.0,107.0,104.66666666666667
DL038,2020-06-27 09:00:00,32.0,86.5,18.48,25.75,28.77,21.88,1.83,22.08,12.22,1.8,162.43,,104.0,Moderate,9,27,6,5,1,104.0,106.0,110.0,96.0,106.0,105.0
DL038,2020-06-27 10:00:00,35.0,103.0,15.2,25.3,25.88,19.1,1.6,27.9,13.57,1.9,113.15,,104.0,Moderate,10,27,6,5,1,104.0,105.0,109.0,98.0,105.16666666666667,105.25
DL038,2020-06-27 11:00:00,36.25,133.75,13.57,26.77,25.33,24.62,1.28,24.43,11.03,0.88,99.05,,104.0,Moderate,11,27,6,5,1,104.0,104.0,108.0,101.0,104.5,105.375
DL038,2020-06-27 12:00:00,40.5,151.75,11.0,23.33,21.45,41.97,1.08,25.93,10.78,0.18,72.08,,104.0,Moderate,12,27,6,5,1,104.0,104.0,106.0,103.0,104.16666666666667,105.41666666666667
DL038,2020-06-27 13:00:00,39.0,174.0,9.23,24.55,20.6,29.7,1.12,25.02,9.82,1.22,118.32,,104.0,Moderate,13,27,6,5,1,104.0,104.0,105.0,106.0,104.0,105.33333333333333
DL038,2020-06-27 14:00:00,30.0,186.25,6.75,25.88,19.23,43.62,1.33,21.1,6.17,1.17,90.58,,105.0,Moderate,14,27,6,5,1,104.0,104.0,104.0,107.0,104.16666666666667,105.25
DL038,2020-06-27 15:00:00,29.5,200.25,6.07,26.85,19.27,44.35,1.62,18.38,10.5,0.9,65.92,,109.0,Moderate,15,27,6,5,1,105.0,104.0,104.0,106.0,105.0,105.375
DL038,2020-06-27 16:00:00,29.5,190.5,5.88,28.22,19.77,36.0,1.75,19.65,13.3,1.02,39.55,,111.0,Moderate,16,27,6,5,1,109.0,104.0,104.0,102.0,106.16666666666667,105.75
DL038,2020-06-27 17:00:00,37.0,225.5,7.7,30.88,22.73,27.98,1.62,21.2,14.12,1.9,44.58,,115.0,Moderate,17,27,6,5,1,111.0,105.0,104.0,101.0,108.0,106.33333333333333
DL038,2020-06-27 18:00:00,45.5,283.0,7.58,32.42,23.4,24.43,1.73,22.48,13.62,2.62,43.6,,120.0,Moderate,18,27,6,5,1,115.0,109.0,104.0,102.0,110.66666666666667,107.08333333333333
DL038,2020-06-27 19:00:00,46.25,255.25,9.25,35.75,26.62,25.3,1.68,22.03,11.0,2.68,36.25,,124.0,Moderate,19,27,6,5,1,120.0,111.0,104.0,103.0,114.0,107.95833333333333
DL038,2020-06-27 20:00:00,53.0,240.25,13.03,43.25,33.67,32.02,1.65,23.65,10.82,4.4,61.75,,127.0,Moderate,20,27,6,5,1,124.0,115.0,105.0,104.0,117.66666666666667,108.91666666666667
DL038,2020-06-27 21:00:00,55.0,245.75,14.18,40.4,33.0,41.17,1.73,25.6,11.52,5.7,68.28,,131.0,Moderate,21,27,6,5,1,127.0,120.0,109.0,105.0,121.33333333333333,110.0
DL038,2020-06-27 22:00:00,61.0,222.25,14.75,39.23,32.85,44.3,1.75,28.25,12.3,4.72,94.55,,134.0,Moderate,22,27,6,5,1,131.0,124.0,111.0,106.0,125.16666666666667,111.16666666666667
DL038,2020-06-27 23:00:00,61.0,245.25,21.98,39.85,39.17,39.27,1.75,27.23,12.62,4.85,69.85,,137.0,Moderate,23,27,6,5,1,134.0,127.0,115.0,106.0,128.83333333333334,112.45833333333333
DL038,2020-06-28 00:00:00,62.5,253.0,40.75,43.23,56.25,32.08,1.65,28.1,14.47,5.72,138.15,,142.0,Moderate,0,28,6,6,1,137.0,131.0,120.0,107.0,132.5,113.91666666666667
DL038,2020-06-28 01:00:00,63.0,259.0,27.5,34.08,40.88,23.67,1.52,24.12,12.5,4.47,115.0,,146.0,Moderate,1,28,6,6,1,142.0,134.0,124.0,108.0,136.16666666666666,115.5
DL038,2020-06-28 02:00:00,49.75,244.5,25.58,34.73,39.42,21.67,1.23,29.5,23.5,2.12,136.4,,150.0,Moderate,2,28,6,6,1,146.0,137.0,127.0,109.0,140.0,117.20833333333333
DL038,2020-06-28 03:00:00,48.75,257.75,31.4,30.05,41.65,31.7,1.35,31.6,14.73,1.27,160.0,,154.0,Moderate,3,28,6,6,1,150.0,142.0,131.0,110.0,143.83333333333334,119.04166666666667
DL038,2020-06-28 04:00:00,55.5,264.75,30.68,30.73,41.4,29.98,1.45,30.4,11.3,2.15,141.15,,159.0,Moderate,4,28,6,6,1,154.0,146.0,134.0,109.0,148.0,121.125
DL038,2020-06-28 05:00:00,51.25,263.5,47.4,34.9,57.2,35.82,1.65,30.85,10.27,3.4,107.58,,164.0,Moderate,5,28,6,6,1,159.0,150.0,137.0,108.0,152.5,123.45833333333333
DL038,2020-06-28 06:00:00,51.75,265.5,32.65,32.83,44.05,39.85,1.32,35.2,10.32,2.58,178.18,,170.0,Moderate,6,28,6,6,1,164.0,154.0,142.0,106.0,157.16666666666666,126.125
DL038,2020-06-28 07:00:00,46.75,229.0,30.62,26.1,38.88,37.05,1.55,39.92,11.75,3.15,252.65,,174.0,Moderate,7,28,6,6,1,170.0,159.0,146.0,105.0,161.83333333333334,129.0
DL038,2020-06-28 08:00:00,33.25,155.75,23.95,20.27,30.27,28.45,1.2,35.02,13.3,1.48,232.9,,176.0,Moderate,8,28,6,6,1,174.0,164.0,150.0,104.0,166.16666666666666,132.0
DL038,2020-06-28 09:00:00,31.75,121.0,20.55,19.17,26.88,22.95,1.25,23.12,12.97,1.25,140.68,,177.0,Moderate,9,28,6,6,1,176.0,170.0,154.0,104.0,170.0,135.04166666666666
DL038,2020-06-28 10:00:00,34.25,166.25,13.8,21.75,22.82,18.8,1.3,19.62,13.98,1.12,95.72,,179.0,Moderate,10,28,6,6,1,177.0,174.0,159.0,104.0,173.33333333333334,138.16666666666666
DL038,2020-06-28 11:00:00,37.75,261.25,11.47,21.27,20.7,23.3,1.08,20.1,11.62,3.45,75.47,,182.0,Moderate,11,28,6,6,1,179.0,176.0,164.0,104.0,176.33333333333334,141.41666666666666
DL038,2020-06-28 12:00:00,43.0,261.0,9.52,22.9,19.93,24.25,1.3,20.25,7.48,2.3,58.7,,185.0,Moderate,12,28,6,6,1,182.0,177.0,170.0,104.0,178.83333333333334,144.79166666666666
DL038,2020-06-28 13:00:00,34.0,226.0,8.58,21.85,18.65,29.9,1.33,18.95,10.77,1.5,49.7,,187.0,Moderate,13,28,6,6,1,185.0,179.0,174.0,104.0,181.0,148.25
DL038,2020-06-28 14:00:00,34.5,251.75,6.25,22.62,17.1,35.05,1.18,18.93,10.22,1.05,53.45,,189.0,Moderate,14,28,6,6,1,187.0,182.0,176.0,105.0,183.16666666666666,151.75
DL038,2020-06-28 15:00:00,35.5,307.0,6.6,22.95,17.6,36.15,1.35,17.9,9.75,1.8,96.5,,192.0,Moderate,15,28,6,6,1,189.0,185.0,177.0,109.0,185.66666666666666,155.20833333333334
DL038,2020-06-28 16:00:00,37.5,361.75,5.98,24.75,18.0,31.65,1.32,19.17,12.43,1.52,102.58,,196.0,Moderate,16,28,6,6,1,192.0,187.0,179.0,111.0,188.5,158.75
DL038,2020-06-28 17:00:00,48.75,403.5,6.72,25.83,19.23,27.55,1.52,19.33,12.02,2.0,79.42,,202.0,Poor,17,28,6,6,1,196.0,189.0,182.0,115.0,191.83333333333334,162.375
DL038,2020-06-28 18:00:00,55.25,409.0,17.52,35.8,33.5,24.1,1.7,19.45,12.72,1.5,59.52,,207.0,Poor,18,28,6,6,1,202.0,192.0,185.0,120.0,195.5,166.0
DL038,2020-06-28 19:00:00,65.25,402.25,94.32,69.42,113.85,24.25,1.52,20.95,12.95,1.42,37.38,,213.0,Poor,19,28,6,6,1,207.0,196.0,187.0,124.0,199.83333333333334,169.70833333333334
DL038,2020-06-28 20:00:00,57.5,419.25,68.7,52.35,84.12,30.23,1.58,19.73,11.85,2.57,33.7,,221.0,Poor,20,28,6,6,1,213.0,202.0,189.0,127.0,205.16666666666666,173.625
DL038,2020-06-28 21:00:00,58.25,377.5,45.18,47.25,61.92,35.7,1.62,19.55,12.75,2.75,40.45,,226.0,Poor,21,28,6,6,1,221.0,207.0,192.0,131.0,210.83333333333334,177.58333333333334
DL038,2020-06-28 22:00:00,58.75,327.5,34.65,47.02,53.25,38.25,1.78,19.58,13.85,3.25,34.3,,231.0,Poor,22,28,6,6,1,226.0,213.0,196.0,134.0,216.66666666666666,181.625
DL038,2020-06-28 23:00:00,67.5,338.0,33.75,50.82,54.55,35.73,1.77,22.08,14.47,5.2,135.95,,234.0,Poor,23,28,6,6,1,231.0,221.0,202.0,137.0,222.0,185.66666666666666
DL038,2020-06-29 00:00:00,70.5,319.25,38.6,47.47,56.58,29.23,1.38,21.08,14.2,4.1,106.07,,237.0,Poor,0,29,6,0,0,234.0,226.0,207.0,142.0,227.0,189.625
DL038,2020-06-29 01:00:00,71.5,297.5,45.58,44.75,60.9,23.12,1.98,19.48,13.68,2.4,47.97,,239.0,Poor,1,29,6,0,0,237.0,231.0,213.0,146.0,231.33333333333334,193.5
DL038,2020-06-29 02:00:00,62.5,244.75,49.17,40.45,61.6,23.73,1.5,13.3,22.55,4.45,77.35,,239.0,Poor,2,29,6,0,0,239.0,234.0,221.0,150.0,234.33333333333334,197.20833333333334
DL038,2020-06-29 03:00:00,71.5,265.75,43.95,33.55,53.6,35.6,1.55,22.15,62.67,1.85,36.1,,239.0,Poor,3,29,6,0,0,239.0,237.0,226.0,154.0,236.5,200.75
DL038,2020-06-29 04:00:00,81.25,264.25,30.15,27.8,39.38,29.1,1.1,23.02,46.42,2.48,38.35,,239.0,Poor,4,29,6,0,0,239.0,239.0,231.0,159.0,237.83333333333334,204.08333333333334
DL038,2020-06-29 05:00:00,59.25,193.25,22.8,22.3,30.42,31.7,1.05,24.6,8.3,2.62,52.65,,236.0,Poor,5,29,6,0,0,239.0,239.0,234.0,164.0,238.16666666666666,207.08333333333334
DL038,2020-06-29 06:00:00,25.25,92.75,20.45,20.85,27.78,38.72,1.1,21.53,11.05,1.68,23.3,,229.0,Poor,6,29,6,0,0,236.0,239.0,237.0,170.0,236.83333333333334,209.54166666666666
DL038,2020-06-29 07:00:00,19.0,87.25,22.65,24.93,31.7,35.08,1.25,19.33,11.48,1.75,18.55,,223.0,Poor,7,29,6,0,0,229.0,239.0,239.0,174.0,234.16666666666666,211.58333333333334
DL038,2020-06-29 08:00:00,20.75,102.25,20.93,21.98,28.75,27.67,1.22,25.5,12.9,1.57,29.67,,221.0,Poor,8,29,6,0,0,223.0,236.0,239.0,176.0,231.16666666666666,213.45833333333334
DL038,2020-06-29 09:00:00,30.5,129.75,16.83,21.65,25.23,22.2,1.1,22.5,12.85,1.2,28.38,,221.0,Poor,9,29,6,0,0,221.0,229.0,239.0,177.0,228.16666666666666,215.29166666666666
DL038,2020-06-29 10:00:00,17.75,113.0,14.33,21.98,23.35,19.6,1.05,19.52,12.95,1.1,20.5,,219.0,Poor,10,29,6,0,0,221.0,223.0,239.0,179.0,224.83333333333334,216.95833333333334
DL038,2020-06-29 11:00:00,22.75,129.75,12.25,23.12,22.25,21.95,1.15,19.2,10.68,1.27,41.8,,214.0,Poor,11,29,6,0,0,219.0,221.0,236.0,182.0,221.16666666666666,218.29166666666666
DL038,2020-06-29 12:00:00,31.5,169.75,9.5,23.95,20.45,25.1,0.88,18.55,10.5,1.8,15.9,,210.0,Poor,12,29,6,0,0,214.0,221.0,229.0,185.0,218.0,219.33333333333334
DL038,2020-06-29 13:00:00,33.0,196.5,8.05,24.23,19.42,31.32,1.53,17.95,13.55,1.05,13.88,,208.0,Poor,13,29,6,0,0,210.0,219.0,223.0,187.0,215.5,220.20833333333334
DL038,2020-06-29 14:00:00,36.75,197.5,5.92,27.75,19.57,34.57,1.48,20.43,13.9,2.15,17.38,,206.0,Poor,14,29,6,0,0,208.0,214.0,221.0,189.0,213.0,220.91666666666666
DL038,2020-06-29 15:00:00,46.0,166.75,4.62,26.62,17.93,33.7,1.25,18.25,13.73,2.3,16.57,,200.0,Moderate,15,29,6,0,0,206.0,210.0,221.0,192.0,209.5,221.25
DL038,2020-06-29 16:00:00,41.75,159.0,4.35,26.88,17.82,31.3,1.48,18.08,17.3,1.95,11.8,,195.0,Moderate,16,29,6,0,0,200.0,208.0,219.0,196.0,205.5,221.20833333333334
DL038,2020-06-29 17:00:00,47.0,156.0,2.9,30.9,18.8,28.35,1.7,17.5,18.15,2.3,17.45,,188.0,Moderate,17,29,6,0,0,195.0,206.0,214.0,202.0,201.16666666666666,220.625
DL038,2020-06-29 18:00:00,86.13499999999999,233.0,21.24,42.62,44.15,41.2,1.32,15.28,12.03,,,,183.0,Moderate,18,29,6,0,0,188.0,200.0,210.0,207.0,196.66666666666666,219.625
DL038,2020-06-29 19:00:00,86.13499999999999,233.0,21.24,42.62,44.15,41.2,1.32,15.28,12.03,,,,177.0,Moderate,19,29,6,0,0,183.0,195.0,208.0,213.0,191.5,218.125
DL038,2020-06-29 20:00:00,86.13499999999999,233.0,21.24,42.62,44.15,41.2,1.32,15.28,12.03,,,,171.0,Moderate,20,29,6,0,0,177.0,188.0,206.0,221.0,185.66666666666666,216.04166666666666
DL038,2020-06-29 21:00:00,86.13499999999999,233.0,21.24,42.62,44.15,41.2,1.32,15.28,12.03,,,,165.0,Moderate,21,29,6,0,0,171.0,183.0,200.0,226.0,179.83333333333334,213.5
DL038,2020-06-29 22:00:00,34.0,85.5,9.1,31.8,24.35,39.05,1.25,19.5,14.05,3.35,24.25,,157.0,Moderate,22,29,6,0,0,165.0,177.0,195.0,231.0,173.5,210.41666666666666
DL038,2020-06-29 23:00:00,30.25,71.75,8.5,27.8,21.75,32.83,0.88,15.95,18.9,2.17,16.55,,148.0,Moderate,23,29,6,0,0,157.0,171.0,188.0,234.0,166.83333333333334,206.83333333333334
DL038,2020-06-30 00:00:00,16.75,50.0,7.3,29.47,21.6,25.95,1.32,15.57,17.57,1.82,12.6,,139.0,Moderate,0,30,6,1,0,148.0,165.0,183.0,237.0,159.5,202.75
DL038,2020-06-30 01:00:00,24.75,65.25,6.95,25.93,19.45,21.85,1.55,16.2,15.07,2.08,14.55,,131.0,Moderate,1,30,6,1,0,139.0,157.0,177.0,239.0,151.83333333333334,198.25
DL038,2020-06-30 02:00:00,42.5,82.75,6.03,20.38,15.72,21.27,1.55,25.2,25.0,1.82,12.53,,126.0,Moderate,2,30,6,1,0,131.0,148.0,171.0,239.0,144.33333333333334,193.54166666666666
DL038,2020-06-30 03:00:00,43.5,77.5,6.15,18.9,15.0,33.05,1.15,22.65,16.82,1.0,8.43,,120.0,Moderate,3,30,6,1,0,126.0,139.0,165.0,239.0,136.83333333333334,188.58333333333334
DL038,2020-06-30 04:00:00,42.0,70.0,6.47,18.85,15.25,30.27,0.95,22.2,12.23,0.58,6.03,,113.0,Moderate,4,30,6,1,0,120.0,131.0,157.0,239.0,129.5,183.33333333333334
DL038,2020-06-30 05:00:00,42.0,59.75,6.3,18.6,15.05,28.95,1.33,20.9,11.27,0.82,6.2,,109.0,Moderate,5,30,6,1,0,113.0,126.0,148.0,236.0,123.0,178.04166666666666
DL038,2020-06-30 06:00:00,41.0,56.5,8.25,18.77,16.75,33.52,0.93,20.4,10.92,1.45,6.88,,108.0,Moderate,6,30,6,1,0,109.0,120.0,139.0,229.0,117.83333333333333,173.0
DL038,2020-06-30 07:00:00,38.0,60.0,8.48,20.83,18.0,33.1,1.38,20.2,9.2,1.57,7.33,,107.0,Moderate,7,30,6,1,0,108.0,113.0,131.0,223.0,113.83333333333333,168.16666666666666
DL038,2020-06-30 08:00:00,37.5,71.0,7.95,21.05,17.67,24.5,1.55,17.48,11.6,1.5,6.7,,106.0,Moderate,8,30,6,1,0,107.0,109.0,126.0,221.0,110.5,163.375
DL038,2020-06-30 09:00:00,37.25,82.75,9.03,19.2,17.62,19.48,1.57,12.17,13.88,1.27,4.95,,104.0,Moderate,9,30,6,1,0,106.0,108.0,120.0,221.0,107.83333333333333,158.5
DL038,2020-06-30 10:00:00,41.0,76.75,8.07,20.55,17.55,17.92,0.95,14.45,14.15,1.6,5.88,,103.0,Moderate,10,30,6,1,0,104.0,107.0,113.0,219.0,106.16666666666667,153.66666666666666
DL038,2020-06-30 11:00:00,44.0,103.0,4.72,25.95,17.65,24.7,1.3,16.48,11.73,1.55,8.3,,102.0,Moderate,11,30,6,1,0,103.0,106.0,109.0,214.0,105.0,149.0
DL038,2020-06-30 12:00:00,46.0,110.5,4.1,29.9,19.27,32.2,0.9,17.78,11.12,2.17,11.0,,100.0,Satisfactory,12,30,6,1,0,102.0,104.0,108.0,210.0,103.66666666666667,144.41666666666666
DL038,2020-06-30 13:00:00,46.5,108.5,4.48,29.3,19.2,26.15,1.85,17.93,13.43,2.08,15.15,,96.0,Satisfactory,13,30,6,1,0,100.0,103.0,107.0,208.0,101.83333333333333,139.75
DL038,2020-06-30 14:00:00,53.5,125.0,2.97,29.53,18.1,31.38,1.6,17.9,17.27,2.47,16.3,,92.0,Satisfactory,14,30,6,1,0,96.0,102.0,106.0,206.0,99.5,135.0
DL038,2020-06-30 15:00:00,56.0,130.0,3.62,29.35,18.55,36.65,1.95,20.33,15.57,2.75,17.75,,98.0,Satisfactory,15,30,6,1,0,92.0,100.0,104.0,200.0,98.5,130.75
DL038,2020-06-30 16:00:00,51.5,127.0,3.58,28.52,18.08,32.72,1.77,21.88,24.8,3.75,28.98,,98.0,Satisfactory,16,30,6,1,0,98.0,96.0,103.0,195.0,97.66666666666667,126.70833333333333
DL038,2020-06-30 17:00:00,56.0,137.0,3.17,34.0,20.7,28.7,1.75,21.23,29.15,2.83,25.32,,98.0,Satisfactory,17,30,6,1,0,98.0,92.0,102.0,188.0,97.0,122.95833333333333
DL038,2020-06-30 18:00:00,60.5,149.5,4.47,35.12,22.35,24.8,1.55,21.48,27.25,4.05,24.02,,98.0,Satisfactory,18,30,6,1,0,98.0,98.0,100.0,183.0,96.66666666666667,119.41666666666667
DL038,2020-06-30 19:00:00,58.0,154.0,4.55,32.73,21.15,25.2,1.73,20.57,25.35,3.75,24.52,,98.0,Satisfactory,19,30,6,1,0,98.0,98.0,96.0,177.0,97.0,116.125
DL038,2020-06-30 20:00:00,52.5,146.0,5.12,31.05,20.7,29.23,1.52,18.4,15.38,2.85,19.6,,98.0,Satisfactory,20,30,6,1,0,98.0,98.0,92.0,171.0,98.0,113.08333333333333
DL038,2020-06-30 21:00:00,51.5,138.5,6.0,29.95,20.8,40.0,1.32,17.32,15.32,2.85,24.35,,98.0,Satisfactory,21,30,6,1,0,98.0,98.0,98.0,165.0,98.0,110.29166666666667
DL038,2020-06-30 22:00:00,58.0,131.0,5.58,28.38,19.65,43.3,1.25,17.77,14.93,2.55,16.88,,99.0,Satisfactory,22,30,6,1,0,98.0,98.0,98.0,157.0,98.16666666666667,107.875
DL038,2020-06-30 23:00:00,51.5,124.0,6.85,26.62,19.77,41.12,1.48,19.38,13.15,2.4,14.9,,101.0,Moderate,23,30,6,1,0,99.0,98.0,98.0,148.0,98.66666666666667,105.91666666666667
DL038,2020-07-01 00:00:00,46.5,126.5,6.65,25.75,19.12,32.53,1.23,21.98,32.58,2.78,17.65,,103.0,Moderate,0,1,7,2,0,101.0,98.0,98.0,139.0,99.5,104.41666666666667
